"sd.rnormal","current.seed","scale","sderr","Delta_LL","mean_in","LWei","LGomp","MeanLF","Delta_LL.flex","LWei.flex","LGomp.flex","G.flex.estimated","R.flex.estimated","LLG.par","LLR.par","gamma.flex.estimated","theta.flex.estimated"
1.00404182402394,12345,1,1,107.793787458977,5,-2932.86870347764,-3040.66249093661,5.0075,107.79370803729,-2932.86868803354,-3040.66239607083,0.972172527605927,0.00456888980328576,-0.0284302025427969,-5.38760780401831,5.3498108185785,5.42648583580553
1.909270751478,12345,2,2,89.5621880427043,5,-4002.71004124216,-4092.27222928487,5.04903943377149,89.5623487455682,-4002.70996367615,-4092.27231242172,0.483070745107351,0.0299539308708898,-0.727918097432358,-3.50705567690472,2.99395619066264,5.65379199951885
3.04826580205524,12345,3,3,60.2814905758632,5,-4361.38498688896,-4421.66647746483,5.40788762830902,60.2815034926853,-4361.38494209024,-4421.66644558293,0.270383664248339,0.0577872582666973,-1.30782468599562,-2.85093873672324,2.15925112571893,6.10380258331969
4.06572596383837,12345,4,4,55.0870383938973,5,-4413.59627594206,-4468.68331433596,6.00923254472014,55.0870233135674,-4413.59624432102,-4468.68326763458,0.190784042051033,0.0655433064986329,-1.6563862945519,-2.72548531595506,1.90317289714809,6.77752884795862
5.03676644234339,12345,5,5,41.8590101905766,5,-4484.0821564915,-4525.94116668208,6.62394195888755,41.8589280040278,-4484.08211242507,-4525.9410404291,0.136688495023551,0.0712396515603557,-1.98919258900223,-2.64234703983954,1.71010127445233,7.43184903007623
0.963033341965312,12345,1,1,82.3433997969428,10,-2919.94083995718,-3002.28423975412,9.986,82.3434323727611,-2919.94080072765,-3002.28423310041,0.998098889480877,2.84265425009443e-05,-0.00181805989476679,-10.4689273553599,10.5964956435584,10.4388358722558
2.02384772569552,12345,2,2,136.961261459508,10,-4301.58662723974,-4438.54788869925,10.036,136.961316817921,-4301.58656411004,-4438.54788092796,0.475928307211756,0.00248945783534934,-0.742545806893787,-5.99545526604748,5.34793722248828,10.8658538708455
2.95501931319446,12345,3,3,112.842974144672,10,-4992.15859448909,-5105.00156863376,9.98097145718578,112.842985606033,-4992.15855942441,-5105.00154503044,0.320986630087219,0.00856480726415828,-1.13636252263193,-4.76022569613994,3.74537241365492,11.0435526083199
4.02291733912438,12345,4,4,105.632293318198,10,-5498.08736999367,-5603.71966331187,10.0776992936428,105.632347184795,-5498.08728933775,-5603.71963652254,0.21233514913703,0.0189272041439918,-1.5496533273659,-3.96686810950093,2.78482385931068,11.3138611224263
4.83850179020609,12345,5,5,62.0964220073274,10,-5722.3758784683,-5784.47230047563,10.2730061349693,62.0965896557382,-5722.37568499782,-5784.47227465355,0.168383354111407,0.0250423176530069,-1.78174836317928,-3.68647291681712,2.38137619773594,11.5650093761356
1.01084532191965,12345,1,1,54.1115403268564,15,-2995.55099250841,-3049.66253283526,15.016,54.1115877828347,-2995.55089447148,-3049.66248225432,0.982591350267923,2.31328903632835e-07,-0.0174608712485569,-15.2810890960843,15.3559768332877,15.4983274124458
2.00424066076788,12345,2,2,116.108563995253,15,-4312.8362948318,-4428.94485882705,15.0065,116.108596156643,-4312.83624252673,-4428.94483868337,0.484711019452242,0.000205865329886063,-0.724265865990523,-8.48771691865615,7.89471530843866,15.8881817901774
3.0281625583707,12345,3,3,101.569571387272,15,-5079.52268228835,-5181.09225367562,15.074,101.569466559697,-5079.52261993263,-5181.09208649233,0.335115527929048,0.00130431471116315,-1.09297214705077,-6.6436667438838,5.51518948189354,16.3058700704506
3.99514192228939,12345,4,4,117.293166423361,15,-5617.10528436373,-5734.3984507871,15.014,117.293201000189,-5617.1052467635,-5734.39844776369,0.242262811590205,0.00406828785307105,-1.41771726988703,-5.50453539768359,4.15604172395072,16.5155421329612
4.94142705106567,12345,5,5,95.043807102581,15,-6015.41166645578,-6110.45547355836,15.0766149223836,95.0437390229426,-6015.41157661047,-6110.45531563341,0.187999084273234,0.00748984480329262,-1.67102572298343,-4.89482198498403,3.3715007759917,16.7718304107511
0.971340606730912,12345,1,1,52.9517187867741,20,-2990.64038785894,-3043.59210664571,19.9515,52.951757989249,-2990.64033376985,-3043.5920917591,0.967401864838538,2.46046793734125e-09,-0.0330596132875218,-19.8245215837072,20.0712198072745,20.4312543175282
1.92823931751868,12345,2,2,78.5422078681831,20,-4251.41333712776,-4329.95554499594,19.986,78.5422211958166,-4251.4132906001,-4329.95551179591,0.515384917090248,1.04859457844481e-05,-0.662679555083992,-11.4671162656346,10.8956355817422,20.8693737476017
3.08681339133088,12345,3,3,110.658203244963,20,-5147.53063758922,-5258.18884083419,20.01,110.658315589612,-5147.53044125782,-5258.18875684743,0.322721072108195,0.000307589561161253,-1.13117441905956,-8.08539269398524,7.00700519849531,21.3358476095475
3.97844058887213,12345,4,4,122.65301984945,20,-5629.16289909028,-5751.81591893973,20.0685,122.652846607198,-5629.16282462548,-5751.81567123268,0.249873594718865,0.00101740898540094,-1.38657202790135,-6.89203366447291,5.53340766366172,21.6965015885617
4.88824817174127,12345,5,5,137.654250658486,20,-6029.07192022326,-6166.72617088175,20.1695,137.654219082679,-6029.0719167107,-6166.72613579338,0.19627766962474,0.00237635816242962,-1.62808288107421,-6.04273711572082,4.52977990705434,22.0603212127044
1.01114366689681,12345,1,1,29.998408753685,35,-3096.55498251158,-3126.55339126527,34.9915,29.9984816901356,-3096.55480322242,-3126.55328491256,0.935417542846886,3.46889993787311e-15,-0.0669891162463007,-33.2875551055827,33.4583683082452,35.5063000646984
2.02840108609661,12345,2,2,49.3384472778098,35,-4381.17142139524,-4430.50986867305,35.0315,49.338593627961,-4381.1712919523,-4430.50988558026,0.490886407643034,1.00907469323469e-08,-0.711140083482541,-18.4187715075553,17.8332858292298,35.9995466893327
3.02787136966639,12345,3,3,63.8289433321179,35,-5134.78012433315,-5198.60906766527,35.1295,63.8290096870714,-5134.7800406783,-5198.60905036537,0.336140805595173,1.50342068321391e-06,-1.09025852867149,-13.4074973040087,12.3757488329577,36.5203453165015
4.00865349214286,12345,4,4,114.747685233833,35,-5710.90356152836,-5825.6512467622,35.071,114.747702364521,-5710.90347164678,-5825.6511740113,0.238748285298431,3.41083343788728e-05,-1.43217433998935,-10.2875005742666,9.11621250450645,36.863279414325
5.10518842834049,12345,5,5,104.809973750168,35,-6140.71422696458,-6245.52420071475,34.9005,104.809989314489,-6140.7141843692,-6245.52417368369,0.19717674933491,0.000122876679887878,-1.6236332105075,-9.00463909962506,7.43911126604516,37.0919026497322
1.00024305177935,12345,1,1,22.1462758765119,40,-3020.16748441309,-3042.3137602896,39.9735,22.1463663935574,-3020.16736652792,-3042.31373292148,0.985823938860387,4.56556199583142e-18,-0.0141597275203201,-39.9326120310295,40.0622498914254,40.4747749532348
1.97769065288831,12345,2,2,43.7315056864263,40,-4336.47562722148,-4380.20713290791,39.904,43.7312221456468,-4336.47556345462,-4380.20678560027,0.502815590397292,5.87904398902692e-10,-0.687183444771197,-21.2611207062187,20.7219513662286,40.8548389556623
3.04518932334202,12345,3,3,68.9227276073107,40,-5165.15736232131,-5234.08008992862,40.0155,68.9227148513482,-5165.15732529036,-5234.0800401417,0.32570226931289,4.3402046153178e-07,-1.12191972177946,-14.6482176127818,13.7315806004717,41.4252808218945
3.97651306248086,12345,4,4,70.4655781761339,40,-5668.82166838383,-5739.28724655997,40.018,70.4655952751054,-5668.82164165772,-5739.28723693282,0.256960810337512,5.27420410278957e-06,-1.35885243664784,-12.1523880756921,10.8211017072016,41.8203208977254
4.80939792486656,12345,5,5,81.2420991328754,40,-6028.57485237393,-6109.8169515068,39.9915,81.2421481939282,-6028.57476586984,-6109.81691406376,0.213273143539521,2.53172864069223e-05,-1.5452141976584,-10.58393153656,9.05247137912992,42.1153116024146
1.00719391581536,12345,1,1,17.8019498334979,50,-3065.96751191387,-3083.76946174737,50.0055,17.8019278327388,-3065.96748391724,-3083.76941174998,0.966947007661282,5.82582812738882e-22,-0.0337314581908687,-48.8886903770805,49.0075378427131,50.5204034172987
2.00789404839062,12345,2,2,38.1042756797779,50,-4382.71948598596,-4420.82376166574,50.0025,38.1043921672772,-4382.71932676638,-4420.82371893365,0.49085722387668,6.5307439713027e-12,-0.711747620302825,-25.7509419087735,25.2350752368623,50.977901120648
2.98061862018504,12345,3,3,52.9718983963221,50,-5132.28360054556,-5185.25549894188,50.0365,52.9719439178198,-5132.28345338954,-5185.25539730736,0.335283919641585,1.0529746906164e-08,-1.09293998438302,-18.3665579155299,17.4527295420278,51.4414920565003
4.04710313948408,12345,4,4,66.2979681815523,50,-5729.4520262614,-5795.74999444295,49.9845,66.2980031530024,-5729.45195930172,-5795.74996245472,0.248029852791195,6.18786970981572e-07,-1.3940779881086,-14.2970982045898,13.0043400097573,51.856844899197
4.84039376350202,12345,5,5,78.9193764949177,50,-6073.11242686951,-6152.03180336443,49.868,78.919436096442,-6073.11235018284,-6152.03178627928,0.207061859644942,4.11116572885661e-06,-1.57465142992162,-12.4027927601706,10.9355146184253,52.0651721273329
0.985715561462941,20160711,1,1,120.615091334282,5,-2905.62484592142,-3026.2399372557,5.036,120.615185129011,-2905.62456000087,-3026.23974512988,0.975099174804419,0.00441071130852076,-0.0255386842808252,-5.42222410002848,5.42216887290748,5.45070160732424
2.00705744328281,20160711,2,2,91.0743371643075,5,-4094.18652090546,-4185.26085806977,5.04962025316456,91.0743225738411,-4094.18648664341,-4185.26080921725,0.441297595008079,0.0351695306856394,-0.818129946960722,-3.34703611653948,2.82765427329031,5.66903055521678
3.03990271714252,20160711,3,3,42.2493449726735,5,-4400.39805268262,-4442.64739765529,5.36847767616998,42.2492903013508,-4400.39803061554,-4442.64732091689,0.271082419913821,0.0581301284963568,-1.30504717135918,-2.8451936910367,2.11013776742624,6.06010166537533
3.97599143437696,20160711,4,4,55.0001467496859,5,-4436.50425789883,-4491.50440464852,6.03542857142857,55.000173324398,-4436.50418561379,-4491.50435893819,0.199802971476029,0.0625099083027197,-1.61065657321959,-2.77221176757796,1.95191002514177,6.80838624412126
5.01577352770805,20160711,5,5,35.2956851773342,5,-4459.53398669751,-4494.82967187484,6.74530018192844,35.2957568608699,-4459.53390333517,-4494.82966019604,0.151879416065762,0.0639173883161998,-1.88473742512427,-2.75023757044646,1.78690737584616,7.58207400141623
0.99436461792887,20160711,1,1,88.7710447346371,10,-2987.21959984343,-3075.99064457807,9.9595,88.7710205595063,-2987.21955180374,-3075.99057236325,0.959566930567614,4.12943948579258e-05,-0.0411371756339482,-10.0963552615404,10.1888081411362,10.4258541886706
2.00712319392249,20160711,2,2,122.84444122379,10,-4273.71229209349,-4396.55673331728,10.0545,122.844757785379,-4273.71192964825,-4396.55668743362,0.491219545115795,0.00216086804169996,-0.710994480080617,-6.13672478901522,5.46032447645389,10.8785394407818
3.0094193746199,20160711,3,3,105.449428540838,10,-5023.61857731785,-5129.06800585869,9.85728592889334,105.449388550775,-5023.61852365328,-5129.06791220406,0.316138709127871,0.00923590938670402,-1.15137441721812,-4.68508340931225,3.64024830162498,10.9275291492117
3.99325194971405,20160711,4,4,50.1193842293496,10,-5503.58380503393,-5553.70318926328,10.3276209677419,50.1194284735575,-5503.58376777219,-5553.70319624575,0.231494788280101,0.0151465553058016,-1.46318525434008,-4.19009757062411,2.90507996958009,11.5684928288718
5.09404605865581,20160711,5,5,60.237030809124,10,-5726.41075144436,-5786.64778225349,10.6120867768595,60.2369556072363,-5726.41069970785,-5786.64765531509,0.164650231144807,0.0238456573762311,-1.80319661837509,-3.73716891842403,2.38144616297147,11.9581640288982
0.991754257553019,20160711,1,1,64.9293073722979,15,-3014.05819667101,-3078.98750404331,14.991,64.929494913642,-3014.05796884917,-3078.98746376281,0.956049091561575,3.47804322123352e-07,-0.0450133585421539,-14.870484783587,15.0201696998458,15.4733418984326
1.99950989674116,20160711,2,2,126.063363239467,15,-4315.13040327267,-4441.19376651213,15.03,126.063289616319,-4315.13031800276,-4441.19360761908,0.476289735358143,0.000229586307252601,-0.74146285901315,-8.38104538115724,7.87625165768492,15.9084059681793
2.95208303569248,20160711,3,3,147.782801951764,15,-5054.846858761,-5202.62966071277,14.986,147.782965947957,-5054.84665741935,-5202.62962336731,0.323851392024828,0.00157334624942709,-1.12752491390246,-6.45446602104899,5.44942899106572,16.2000045223308
4.03515079679803,20160711,4,4,137.035261499201,15,-5641.35169724036,-5778.38695873956,15.063,137.035286877878,-5641.35164641026,-5778.38693328814,0.233631498972195,0.00447886903217547,-1.45389290041879,-5.40886040942354,4.09361421400478,16.5775686932596
4.9942604160049,20160711,5,5,103.059411036535,15,-6063.38977525796,-6166.44918629449,15.0945,103.059401706092,-6063.38974934517,-6166.44915105126,0.179980382573623,0.00823025346855285,-1.71506720901461,-4.79954511421424,3.3029388600597,16.8024097925696
0.970623849289319,20160711,1,1,49.2477619890133,20,-2981.17657695825,-3030.42433894726,19.987,49.2477602676604,-2981.17654493992,-3030.42430520758,0.979815711726933,1.86726936931717e-09,-0.0205134759244691,-20.0964416455671,20.3033883311956,20.4670303662486
2.02271060864561,20160711,2,2,82.2161180100411,20,-4344.69628119466,-4426.9123992047,20.082,82.2160559269896,-4344.6962447165,-4426.91230064349,0.490808092601686,1.55742819036263e-05,-0.711874027119933,-11.0680369488554,10.4451035933992,21.0045666055992
3.00200975440338,20160711,3,3,120.574956129671,20,-5102.10339714481,-5222.67835327448,19.9455,120.574972491483,-5102.10336673765,-5222.67833922913,0.325932339687717,0.000299851374271366,-1.1210073887637,-8.11251271778874,7.10807360012123,21.2407932243391
3.9608112607955,20160711,4,4,112.73461480572,20,-5609.76318769492,-5722.49780250064,19.9735,112.734661571079,-5609.76312776333,-5722.49778933441,0.253853055023554,0.000976453998235834,-1.37105680489523,-6.93120829053309,5.5842730054018,21.5806978194578
4.89935615888255,20160711,5,5,140.095254447771,20,-6034.98127360397,-6175.07652805174,19.987,140.095292954089,-6034.98118591691,-6175.076478871,0.194244770299731,0.00255447191860712,-1.63849966624546,-5.9703085012073,4.47586235516745,21.8737570429228
1.03123136684593,20160711,1,1,24.9264480125867,35,-3073.93723821768,-3098.86368623026,34.9715,24.9265822084049,-3073.93701426633,-3098.86359647474,0.960543394913018,1.48839930956529e-15,-0.040470863625277,-34.1338861762184,34.2196330370365,35.485992785394
2.02628416387663,20160711,2,2,57.6628086505134,35,-4410.91068813753,-4468.57349678805,34.995,57.6629899874615,-4410.91049372271,-4468.57348371018,0.476766362947041,1.65204011733133e-08,-0.740752671064438,-17.918395851236,17.3806186615017,35.969425610498
2.94171932430822,20160711,3,3,70.1678548212767,35,-5091.1392305742,-5161.30708539548,35.0435,70.1676878260405,-5091.13920465572,-5161.30689248176,0.339643728472943,1.39451632803409e-06,-1.07960037309684,-13.486248203379,12.5373965087602,36.3993689557658
3.95768334759292,20160711,4,4,97.2435877153866,35,-5669.15135673328,-5766.39494444867,34.9875,97.2436816784766,-5669.15122208419,-5766.39490376267,0.249223423829649,2.48437090880984e-05,-1.3894759990495,-10.6021133823172,9.35947599638032,36.7543092685769
4.97813970197152,20160711,5,5,106.650548805708,35,-6101.24790763076,-6207.89845643647,35.1,106.651012050454,-6101.2473756338,-6207.89838768426,0.200627887582701,0.000106646803488361,-1.60626530154986,-9.14599956194823,7.61396738010186,37.2541786041413
1.00661829738715,20160711,1,1,26.2748299805326,40,-3061.8260559915,-3088.10088597203,40.009,26.2748851654533,-3061.82594571441,-3088.10083087987,0.952654303725084,1.62441892018338e-17,-0.0486157983652546,-38.6543339467026,38.8723757185629,40.515801650524
2.06626840939653,20160711,2,2,51.1384379290821,40,-4430.23565007626,-4481.37408800535,40.0395,51.1383485803735,-4430.23558007219,-4481.37392865256,0.473522422537131,1.68704386034663e-09,-0.747807077815673,-20.1953608126623,19.7320677452886,41.0291526081393
3.0304983361233,20160711,3,3,68.8010459395036,40,-5167.9799131381,-5236.7809590776,40.043,68.801031646356,-5167.97987552505,-5236.78090717141,0.32554603120757,4.32265933416865e-07,-1.12216916125922,-14.6555026937802,13.7159039271558,41.4551017597518
4.06943951079316,20160711,4,4,81.4565220796067,40,-5732.30569500284,-5813.76221708245,40.0185,81.4565506460185,-5732.30562713588,-5813.7621777819,0.245768131863286,7.95163649855023e-06,-1.40324277759217,-11.7434395080351,10.4076702589209,41.8664819488758
4.89305532982339,20160711,5,5,92.4134902404849,40,-6077.79045459195,-6170.20394483244,40.006,92.4134902051474,-6077.79041748008,-6170.20390768523,0.205476941131558,3.34515497606476e-05,-1.58231297235851,-10.3064232065981,8.78703980649005,42.1718510991903
1.00528976799651,20160711,1,1,17.7678761389689,50,-3075.1734980539,-3092.94137419287,49.9825,17.7678641725743,-3075.17349317364,-3092.94135734622,0.963449889679332,7.06214151761276e-22,-0.0371010314337195,-48.7085973254781,48.793507259074,50.500190102899
1.98141333422101,20160711,2,2,41.6452476544291,50,-4375.28324349601,-4416.92849115044,50.003,41.6452364445095,-4375.28321122112,-4416.92844766563,0.488248210629003,7.45348444462812e-12,-0.716928380781553,-25.6222040986338,25.1550227420565,50.9690184434331
2.97700914996175,20160711,3,3,51.4597339016636,50,-5128.8586161349,-5180.31835003657,49.9435,51.4598521438911,-5128.85849235406,-5180.31834449795,0.336891537327182,1.00499149308483e-08,-1.08798190625758,-18.4158369708731,17.4814101670385,51.348348725158
4.05129698431172,20160711,4,4,88.6604783838575,50,-5761.18399274989,-5849.84447113375,50.0635,88.6605029788125,-5761.18395282165,-5849.84445580046,0.235529301567913,1.10426191336661e-06,-1.44587519536215,-13.7167578945325,12.6255350847256,51.9395196612253
4.99330403044828,20160711,5,5,86.9833044250481,50,-6138.45544387217,-6225.43874829722,49.9875,86.9834285862744,-6138.45527909564,-6225.43870768191,0.198405682335013,5.95931478782076e-06,-1.61751978926534,-12.0296207867767,10.573371236476,52.2461067159524
0.973655734705517,-1881,1,1,127.4479337031,5,-2898.96439824149,-3026.41233194459,4.967,127.447900468683,-2898.96436580053,-3026.41226626921,0.969620202390367,0.00484741611752115,-0.0309251013831529,-5.32918793200439,5.35268104195296,5.3787355450488
2.00245761865317,-1881,2,2,92.9881668973121,5,-4109.8200052676,-4202.80817216491,5.07085020242915,92.9882101917965,-4109.81995517977,-4202.80816537156,0.437482799189826,0.0352486845260579,-0.826820931577131,-3.3453071791004,2.81403732665756,5.69196969022398
2.96946835382101,-1881,3,3,53.4482423419286,5,-4347.09159442346,-4400.53983676539,5.37035040431267,53.4482500145814,-4347.09157854584,-4400.53982856042,0.281333969013304,0.0559632333003609,-1.26826548762764,-2.88309239623225,2.17895709031055,6.06247416780745
4.08357450098579,-1881,4,4,49.2577074241726,5,-4490.66278622644,-4539.92049365061,5.95472779369628,49.2577276822612,-4490.66276064221,-4539.92048832447,0.170851706145164,0.0728699580660855,-1.76700803328683,-2.618908571229,1.80084317222582,6.69984519624624
5.04072711527668,-1881,5,5,39.4589721496468,5,-4369.51755595731,-4408.97652810696,6.54349167180753,39.4588471761563,-4369.51751648627,-4408.97636366243,0.140983442829031,0.071190753090594,-1.95973506819805,-2.64190176190871,1.72082560919286,7.34446297600991
1.02004183032361,-1881,1,1,88.7658358619228,10,-3041.63564422449,-3130.40148008642,10.028,88.7659078897359,-3041.63555807015,-3130.40146595988,0.934171874481577,4.85429430627928e-05,-0.0680619836034788,-9.93324827545201,9.99528768861674,10.506226032007
1.97100103029092,-1881,2,2,110.472323875269,10,-4230.57729351801,-4341.04961739328,9.9695,110.472337026098,-4230.57722731785,-4341.04956434395,0.508481061700707,0.00195019294381044,-0.676156217382892,-6.24073724485075,5.55861769849756,10.7779590624901
2.96497549147573,-1881,3,3,124.583674947969,10,-5019.40093109292,-5143.98460604089,10.0055,124.584180679841,-5019.40033076876,-5143.9845114486,0.314213467073937,0.00895220759175858,-1.15770039034295,-4.71610631193632,3.6993401855603,11.0775025361378
3.95939402333254,-1881,4,4,70.6097688110403,10,-5452.06809170897,-5522.67786052001,10.3039959534648,70.609999569544,-5452.06783906355,-5522.67783863309,0.23044605475289,0.0154835326710312,-1.46763330379394,-4.16832747138949,2.93977033085631,11.5301325221892
5.11576635355966,-1881,5,5,49.4838986622908,10,-5764.15808723457,-5813.64198589686,10.2551440329218,49.4839521449612,-5764.15803327655,-5813.64198542151,0.157292019167092,0.0272215997639648,-1.84978954477669,-3.60315321055535,2.25887062530162,11.5588331405274
0.999292603877339,-1881,1,1,61.7187317522535,15,-3029.18630548977,-3090.90503724203,15.0095,61.718746128523,-3029.18628783195,-3090.90503396047,0.955095415390468,3.44573566142266e-07,-0.0459806196124452,-14.8804039760345,14.9764391821157,15.4968735740478
1.94786056800046,-1881,2,2,89.7934366880972,15,-4246.83129841069,-4336.62473509878,14.985,89.7934673902791,-4246.83122794061,-4336.62469533089,0.516223853189778,0.000135854239253449,-0.661154241801784,-8.90421394520943,8.26265817284076,15.8480883114628
2.99353066014706,-1881,3,3,125.48945497248,15,-5066.63737299568,-5192.12682796816,14.942,125.489539823472,-5066.63727016002,-5192.12680998349,0.328960372871978,0.00148641325606264,-1.11187121483357,-6.51124122341276,5.44758030826394,16.1618395993104
3.96517623401634,-1881,4,4,122.002054721434,15,-5602.17481273595,-5724.17686745738,15.1565,122.00204591384,-5602.17469577101,-5724.17674168485,0.243496438019935,0.00387719967533251,-1.41243104214773,-5.55368054153099,4.22530958331481,16.6530173173858
4.97174910656366,-1881,5,5,81.2976512436617,15,-6014.6787904068,-6095.97644165046,14.859649122807,81.2976979114892,-6014.67870856123,-6095.97640647272,0.18917509874142,0.00769870717516844,-1.66496191567023,-4.86691150330975,3.31725880201997,16.5450135304843
0.988277931364023,-1881,1,1,48.7296975437907,20,-3012.69680130773,-3061.42649885152,19.9565,48.7296859341795,-3012.69675629199,-3061.42644222617,0.966527866141674,2.46955831158550e-09,-0.0341714521568705,-19.8169475055992,19.9651024095669,20.4439879928713
2.03569662999672,-1881,2,2,79.6998894222252,20,-4364.21639883712,-4443.91628825934,20.0495,79.6998712000841,-4364.21634489443,-4443.91621609451,0.4879383333654,1.66199869452337e-05,-0.717482491661629,-11.0054314409024,10.3557006246821,20.9817957008005
3.04018289614349,-1881,3,3,93.8936334222726,20,-5106.47851048727,-5200.37214390954,19.97,93.8934415600797,-5106.47845655439,-5200.37189811447,0.335634360562346,0.000247820446073653,-1.09146748803954,-8.3049248835817,7.1874225041344,21.2753783756766
4.04829586961849,-1881,4,4,113.044145236463,20,-5656.27014161427,-5769.31428685073,20.075,113.044114572622,-5656.2701369944,-5769.31425156703,0.247551390772228,0.00105496118708021,-1.39606571175365,-6.8547675060494,5.49293570993258,21.7190464407789
4.94565357866018,-1881,5,5,122.94300417444,20,-6046.90636968062,-6169.84937385506,20.162,122.942999913418,-6046.90633458317,-6169.84933449659,0.19813519793077,0.00228879964660815,-1.61882354732868,-6.07945756875218,4.50604422546793,22.0753997310421
0.998796061278679,-1881,1,1,27.6583262034587,35,-3067.30102037055,-3094.95934657401,34.9865,27.6583828709049,-3067.30091493749,-3094.95929780839,0.955184127313557,1.7731348343759e-15,-0.0457384219045987,-33.9699530777806,34.0891019015059,35.4959980091573
2.02230977555384,-1881,2,2,49.7100452727273,35,-4368.50618005236,-4418.21622532509,35.0405,49.7102017714806,-4368.50593548864,-4418.21613726012,0.493804703849114,9.12478040716152e-09,-0.705785679462419,-18.509146494086,17.9398619639684,36.0026920202984
2.9295299678217,-1881,3,3,66.6037910742998,35,-5081.611802752,-5148.2155938263,35.058,66.6038096559596,-5081.61171776098,-5148.21552741694,0.343453224159446,1.22215104230382e-06,-1.06858833533722,-13.6161166086639,12.6231480203061,36.4106552475684
3.94407964790587,-1881,4,4,97.8556484802284,35,-5673.301763695,-5771.15741217522,35.036,97.8556369971302,-5673.30172449045,-5771.15736148758,0.248871909198804,2.47902919186341e-05,-1.39066029290867,-10.6063774676389,9.35055354135928,36.8092173525559
4.93200192664756,-1881,5,5,95.7158939257715,35,-6074.30807492794,-6170.02396885371,34.77,95.7159484991116,-6074.30800792668,-6170.02395642579,0.206141047452346,9.58681779318879e-05,-1.57914276233095,-9.252822679975,7.69165408740544,36.9064396355385
1.01170510918778,-1881,1,1,25.8024277582158,40,-3075.94170152231,-3101.74412928053,39.998,25.802519345074,-3075.94158720672,-3101.7441065518,0.947851394248881,1.9756836293724e-17,-0.0536057815829964,-38.4610693731129,38.6434774408514,40.5090236354784
1.97657063057415,-1881,2,2,47.5004947072484,40,-4371.0295315117,-4418.53002621895,39.9545,47.5005284415338,-4371.02945758348,-4418.52998602501,0.491127502567694,8.96951933544646e-10,-0.711191060581885,-20.8292438920427,20.2922979808423,40.9179820888707
3.0795774090804,-1881,3,3,63.4727341174939,40,-5179.78866847458,-5243.26140259207,40.001,63.472601601763,-5179.78859070512,-5243.26119230689,0.32667975252958,4.17432855238129e-07,-1.11875643245257,-14.6898475226799,13.6920894489141,41.4267420110598
4.00939321805513,-1881,4,4,75.1047031821527,40,-5697.81663762304,-5772.92134080519,40.03,75.1047121795527,-5697.81657240633,-5772.92128458588,0.251991250446303,6.30825701916133e-06,-1.37837408355475,-11.9732992073457,10.6392926546071,41.8548051047729
4.96264609312664,-1881,5,5,91.7630827729226,40,-6105.69060274571,-6197.45368551863,39.845,91.7631008609233,-6105.69054928252,-6197.45365014344,0.203166894595032,3.73973242886029e-05,-1.59362979011169,-10.1945732315009,8.63236731545528,42.0384727976733
1.00177972381668,-1881,1,1,18.6210992504293,50,-3068.20403756535,-3086.82513681578,49.9465,18.617917180949,-3068.20399559292,-3086.82191277387,0.96299387173538,7.50274312540005e-22,-0.0388762691977537,-48.5848113408803,48.7546201269542,50.4607689347047
1.96905862955418,-1881,2,2,41.3271096742319,50,-4362.80805690415,-4404.13516657838,50.0475,41.3271261654609,-4362.80802338401,-4404.13514954947,0.491344748915398,6.28632867222308e-12,-0.710523448696463,-25.7947116076027,25.3582115842518,51.0081770838205
3.0360748807384,-1881,3,3,48.5531023552885,50,-5156.31318522243,-5204.86628757772,49.7895,48.5531456056679,-5156.31311986904,-5204.8662654747,0.334618087851613,1.17090892849814e-08,-1.09479024779619,-18.2626316052136,17.2611316632468,51.2176710122047
3.96568251841328,-1881,4,4,63.8987289574143,50,-5681.37620912592,-5745.27493808334,49.876,63.8987259280466,-5681.37614441776,-5745.27487034581,0.25443222917083,4.73707284854151e-07,-1.36886399617395,-14.5607316139187,13.313164055762,51.7070598701276
5.06516230768606,-1881,5,5,95.1689255017991,50,-6174.72376234483,-6269.89268784663,50.0995,95.1688264856966,-6174.72367502006,-6269.89250150576,0.192769327089228,7.56048923774329e-06,-1.64618986737858,-11.7937158297265,10.3681687440158,52.3907108849971
1.00113536010718,9999.1234,1,1,120.645079825409,5,-2933.77988722596,-3054.42496705137,5.0225,120.645224490449,-2933.77972985256,-3054.424954343,0.959608460318553,0.00476323796572524,-0.0412208180808857,-5.34700577708009,5.33163747906631,5.44113403505458
1.94588518796606,9999.1234,2,2,79.2710290137779,5,-4046.13245381638,-4125.40348283016,5.01871522508852,79.2710559033935,-4046.13239389514,-4125.40344979853,0.465655069253627,0.0325885423084093,-0.764696653403625,-3.42285248400246,2.90458399202787,5.62439060892873
3.0193214316672,9999.1234,3,3,89.8086345581232,5,-4390.67757495977,-4480.48620951789,5.50615302300696,89.8085299028271,-4390.67746949995,-4480.48599940277,0.270558103832574,0.0557425202682457,-1.30786979477151,-2.88608859084188,2.21829736390451,6.2196092473876
4.06962928241673,9999.1234,4,4,58.8032993176503,5,-4505.0979292711,-4563.90122858875,6.18952760387023,58.803301787193,-4505.09790654466,-4563.90120833185,0.19122530562004,0.0619718431981674,-1.65386474439389,-2.78178866952886,1.9383434686966,6.98240050868808
4.97942320486745,9999.1234,5,5,41.4079660685193,5,-4374.13544279749,-4415.54340886601,6.65110565110565,41.4079828488002,-4374.13541665251,-4415.54339950131,0.152602365120175,0.0654043233333066,-1.87957394487671,-2.72772659024781,1.79516913496014,7.47920789049747
0.996737874235084,9999.1234,1,1,78.1326546230362,10,-2990.06232189787,-3068.19497652091,10.0425,78.13288796298,-2990.06208123141,-3068.19496919439,0.973265011662718,3.33598758924744e-05,-0.0271029837362199,-10.3081640390334,10.3253220108692,10.5122370390393
1.99992608053981,9999.1234,2,2,146.813051063788,10,-4286.21284715139,-4433.02589821518,10.052,146.813992837497,-4286.21188660569,-4433.02587944319,0.475193033788339,0.00249578191048119,-0.744108308049007,-5.99270639956207,5.37197647436419,10.87539821082
2.88153208880382,9999.1234,3,3,118.400101736406,10,-4962.38274855472,-5080.78285029113,9.9799899949975,118.399982226082,-4962.38271320067,-5080.78269542676,0.32391574068375,0.00844367156449747,-1.12736856538477,-4.77440048031234,3.81971838140783,11.0263748280732
3.95399561446954,9999.1234,4,4,54.0552151191478,10,-5490.50583322749,-5544.56104834664,10.0968718466196,54.0551111796776,-5490.50578670444,-5544.56089788411,0.228260948752345,0.0165366086249086,-1.47753333358452,-4.10128982019085,2.83432273667055,11.3149435726092
4.95404874644447,9999.1234,5,5,70.2812184877876,10,-5729.98998032581,-5800.2711988136,10.4140584915341,70.2812428570496,-5729.98992178958,-5800.27116464663,0.164585618641766,0.0249697083017515,-1.8045367690754,-3.68986420859684,2.37384903948462,11.7332776093105
0.993862631318289,9999.1234,1,1,64.6774587970594,15,-3028.85899589499,-3093.53645469205,15.0145,64.6775348308438,-3028.85889952659,-3093.53643435743,0.950088894282537,3.6921802137051e-07,-0.0512156787872165,-14.8115093780857,14.9440876308525,15.5007109323068
2.01322773447841,9999.1234,2,2,108.017273791403,15,-4305.19549448612,-4413.21276827752,14.9685,108.017244674854,-4305.1954707262,-4413.21271540105,0.489582371333654,0.000196485757748951,-0.714334476296062,-8.53382102863712,7.96041310556139,15.8488430864314
2.98350565633627,9999.1234,3,3,135.158196635667,15,-5061.21237545512,-5196.37057209079,14.923,135.158226621893,-5061.21232689562,-5196.37055351752,0.325803249885978,0.00156456547617092,-1.12147971342304,-6.4599251110476,5.44708300216936,16.138979701545
3.96273981548998,9999.1234,4,4,130.512309329845,15,-5595.59832906375,-5726.1106383936,15.0190095047524,130.512339574948,-5595.59827776543,-5726.11061734038,0.240829582163278,0.00416304164401428,-1.42368862368638,-5.48156873455558,4.184721631561,16.507091362871
4.92319038741464,9999.1234,5,5,102.464352956875,15,-6009.85745094619,-6112.32180390307,15.0215322984477,102.463672612361,-6009.85743739054,-6112.3211100029,0.18686788883678,0.00769031349461953,-1.67807151390951,-4.8656368367186,3.36196872875467,16.7110858530896
1.01377967688594,9999.1234,1,1,44.8191270629309,20,-3053.40056524013,-3098.21969230306,20.0425,44.8191702680519,-3053.40047202396,-3098.21964229202,0.955979896591303,2.75640965475598e-09,-0.0451536032632697,-19.7068648807452,19.8011779631173,20.5428884496956
1.98233450487851,9999.1234,2,2,76.6089258606653,20,-4292.37879210321,-4368.98771796387,19.991,76.6088898344251,-4292.37877502154,-4368.98766485596,0.507000435464282,1.21284286937591e-05,-0.679291405691879,-11.3192458900111,10.7082450175384,20.8931460196136
3.13181405888757,9999.1234,3,3,123.891309868175,20,-5176.54703115511,-5300.43834102329,20.056,123.891358125811,-5176.54693600273,-5300.43829412854,0.312935924757427,0.000361061316755966,-1.16180149552968,-7.92638846015694,6.88657905361492,21.3939647074862
4.00848013744792,9999.1234,4,4,131.505180756156,20,-5646.96542593488,-5778.47060669103,19.9295,131.505154560359,-5646.96538928706,-5778.47054384742,0.243144524270196,0.00118859414234228,-1.4141951281599,-6.7347333172842,5.43640702304358,21.5526521311236
5.02509461649696,9999.1234,5,5,108.234234149854,20,-6073.99870043086,-6182.23293458071,19.8965,108.234287991336,-6073.99859967805,-6182.23288766938,0.196331219599565,0.00248515202817333,-1.62789699653195,-5.99783999711051,4.40978448661987,21.8124612249459
0.966315991139958,9999.1234,1,1,25.1684162370771,35,-2976.25746386476,-3001.42588010184,34.986,25.168437109865,-2976.25743013369,-3001.42586724355,1.00454234834474,3.30597005350256e-16,0.00458754315324751,-35.6474987368798,35.7973754051981,35.4747448816421
2.01983074498598,9999.1234,2,2,49.6846066428698,35,-4369.75598179684,-4419.44058843971,35.0075,49.6847220059626,-4369.7559408068,-4419.44066281276,0.493503297628992,9.36822078536777e-09,-0.705862936489223,-18.4922352388457,17.9104289468597,35.970277402488
2.94058968754023,9999.1234,3,3,74.2765994444526,35,-5106.62577923397,-5180.90237867842,34.9365,74.2766322531988,-5106.62570332338,-5180.90233557658,0.335582639084106,1.65032812588641e-06,-1.09193846456066,-13.314126253726,12.3512020835211,36.2991660614584
3.89557433251488,9999.1234,4,4,80.3516667644817,35,-5619.08755161829,-5699.43921838277,34.995,80.3517952181319,-5619.08740840204,-5699.43920362017,0.261189565834142,1.68687815824409e-05,-1.34246486487171,-10.990344010176,9.68931893010327,36.7342800779416
5.0453729589986,9999.1234,5,5,111.926464192851,35,-6142.23911894105,-6254.1655831339,34.897,111.926654272715,-6142.23886095217,-6254.16551522489,0.195986018586269,0.000127625941798054,-1.62955415787717,-8.96734564954962,7.39946442832535,37.0910376135907
0.998615608059486,9999.1234,1,1,26.7242383817174,40,-3082.99066668689,-3109.71490506861,39.9685,26.7242684735688,-3082.99059668608,-3109.71486515965,0.942140079071667,2.54253958517607e-17,-0.0594715390974062,-38.2155929026835,38.3913521938593,40.4803499574367
1.98873875869737,9999.1234,2,2,44.7555895878013,40,-4353.4960421232,-4398.251631711,39.9785,44.7561239989654,-4353.4954702418,-4398.25159424076,0.498032967970915,6.79450414039248e-10,-0.697069139638367,-21.1103238657153,20.5651957140544,40.9370225614274
3.06008259879395,9999.1234,3,3,64.0770203377151,40,-5178.07572551082,-5242.15274584853,39.887,64.0769029277444,-5178.07559966244,-5242.15250259018,0.326842869799549,4.30700847967556e-07,-1.11861602978146,-14.6533464784764,13.6482264001044,41.3105133739571
3.9282848913899,9999.1234,4,4,88.0261766202339,40,-5666.05806808326,-5754.0842447035,40.031,88.0260767091868,-5666.05803536025,-5754.08411206943,0.250571961334806,6.73855904672689e-06,-1.38426106104743,-11.9052199397914,10.7000438690333,41.8125030259013
5.0140007152185,9999.1234,5,5,114.657278097966,40,-6151.4384417288,-6266.09571982676,39.9505,114.657265884764,-6151.43842722665,-6266.09569311142,0.193067103488863,5.29493584225387e-05,-1.64482396421767,-9.84530229221591,8.36244544893896,42.1736053986595
1.00639755453249,9999.1234,1,1,17.34782431454,50,-3036.61834171428,-3053.96616602882,50.006,17.3478091843017,-3036.61827553852,-3053.96608472283,0.982433444379075,2.72455954849807e-22,-0.0178935637739907,-49.6461578055758,49.7769830018148,50.5139564156225
1.95662302325793,9999.1234,2,2,34.0636651141349,50,-4314.43032387672,-4348.49398899086,50.076,34.0656763905263,-4314.42829058062,-4348.49396697115,0.512149902790325,2.2487068713431e-12,-0.669064637691697,-26.8224379686867,26.2933580809168,51.0244299188895
3.00296463079705,9999.1234,3,3,54.9573268823078,50,-5169.4670378168,-5224.42436469911,50.021,54.9573189837702,-5169.46694573126,-5224.42426471503,0.328500186568832,1.45726408517345e-08,-1.1131176782345,-18.0460492068016,17.0900875291714,51.449545650543
3.94523015321474,9999.1234,4,4,68.4076344935966,50,-5684.36265555371,-5752.77029004731,50.144,68.4077221523457,-5684.36251404441,-5752.77023619676,0.252224621604148,4.92431629157913e-07,-1.3775251397606,-14.5229898742151,13.302102200461,51.9724259918823
5.09993604153611,9999.1234,5,5,74.9479744140353,50,-6163.0062300134,-6237.95420442744,50.0925,74.9479398823732,-6163.00620171464,-6237.95414159701,0.199448474449589,5.50479944665154e-06,-1.61219111401367,-12.1096755292176,10.5521777858016,52.3891473836936
0.993362036200984,300045,1,1,138.999596795398,5,-2943.15313692836,-3082.15273372376,4.9925,138.999629394887,-2943.1530690832,-3082.15269847809,0.935740165286111,0.00544662558270998,-0.066476216049617,-5.21231422798403,5.24230086970018,5.41146365191881
1.9642592415122,300045,2,2,105.856015437568,5,-4070.65510205098,-4176.51111748855,5.08649468892261,105.856606820495,-4070.65448744946,-4176.51109426996,0.445539070290652,0.0340889501991262,-0.80832580838499,-3.37913261728696,2.88976502409606,5.7027313042043
2.94468559106655,300045,3,3,60.6161997929057,5,-4357.22840401575,-4417.84460380866,5.33404940923738,60.6161707963684,-4357.22838760222,-4417.84455839859,0.276259502062392,0.0580650236784042,-1.28627328546225,-2.84621371227603,2.16650361840082,6.02185717573715
3.99138537049744,300045,4,4,55.9784573583556,5,-4504.47165441205,-4560.45011177041,6.08101983002833,55.9785386180592,-4504.47154864547,-4560.45008726353,0.191947648269916,0.0638619154321092,-1.65026238301411,-2.75148979961174,1.92339896415244,6.85799135010128
5.00080549303689,300045,5,5,63.7345762709401,5,-4466.13824985412,-4529.87282612506,6.63669281834641,63.7346438510831,-4466.13815203231,-4529.87279588339,0.136753816376422,0.0712648326379861,-1.9894868440275,-2.64165189217485,1.75397499571439,7.46156440683153
1.01304523121885,300045,1,1,82.9090017774051,10,-3036.10036255358,-3119.00936433098,10.002,82.9090413032768,-3036.10030549358,-3119.00934679686,0.946206072638472,4.43481909316015e-05,-0.0553399726258822,-10.0230887720877,10.0374488212981,10.481229555588
2.04228523848436,300045,2,2,148.802837931412,10,-4324.35306263624,-4473.15590056765,9.936,148.802876817199,-4324.35297531404,-4473.15585213124,0.46375205707414,0.00289601873641874,-0.768467522601129,-5.843928064016,5.21258369019298,10.7705317572756
3.00028736844072,300045,3,3,124.651332478147,10,-5040.75870507674,-5165.41003755488,9.89394697348674,124.651323937061,-5040.75867027303,-5165.40999421009,0.305188421465648,0.0100165648432658,-1.18666739243497,-4.60391138533433,3.62058086201368,10.9690772730256
4.07798248531939,300045,4,4,58.1153404932502,10,-5537.79806170968,-5595.91340220293,10.1786976274609,58.1154586265011,-5537.79791445902,-5595.91337308553,0.218722544418646,0.0174031777004717,-1.52000511191191,-4.05082094878275,2.7750437266168,11.4201091249738
5.01574086377989,300045,5,5,68.306074081037,10,-5725.71489704375,-5794.02097112478,10.3046834791559,68.306042060347,-5725.71486423062,-5794.02090629097,0.159377925776663,0.026663715697842,-1.83686510898496,-3.62399310557181,2.32225300511381,11.6096608036295
0.981744016341669,300045,1,1,54.1698412519854,15,-2964.1283748104,-3018.29821606238,15.0045,54.1698970229263,-2964.12829376681,-3018.29819078974,0.997423400769892,1.90237795925206e-07,-0.0026189434653628,-15.4745527874804,15.5714136871145,15.4794464931956
1.99258064302733,300045,2,2,119.415504275697,15,-4320.88041432596,-4440.29591860166,15.0695,119.415419834745,-4320.88037167809,-4440.29579151284,0.480483815935757,0.000211602998336919,-0.732994263666513,-8.46091669331855,7.88742506500201,15.9537260019011
2.99255792148064,300045,3,3,155.068673432346,15,-5083.13084322536,-5238.19951665771,14.8685,155.068763694867,-5083.13073093073,-5238.1994946256,0.316074589348452,0.00180236725151501,-1.15178197211051,-6.31877992200727,5.32153837642654,16.0930869191229
4.0176390341321,300045,4,4,134.886951710874,15,-5622.95924232793,-5757.8461940388,15.116,134.887021716554,-5622.95914849863,-5757.84617021519,0.236629859423584,0.00427137268447609,-1.44136150429385,-5.45553257444864,4.15784837666197,16.6245251524199
4.94457970264112,300045,5,5,95.5658588530559,15,-6026.98696302902,-6122.55282188208,15.0435435435435,95.565806251082,-6026.98695161091,-6122.552757862,0.185869659669581,0.00774677197462746,-1.68277372681212,-4.86005754988916,3.348607781456,16.7353358713671
1.03001171992426,300045,1,1,50.7552844011761,20,-3104.74447344521,-3155.49975784639,20.011,50.7552549514749,-3104.74445263788,-3155.49970758935,0.921728441046438,5.47837306563096e-09,-0.0814085058407495,-19.024408323983,19.1460006210653,20.5209356550553
1.9991371691481,300045,2,2,93.5980384976701,20,-4340.92134593279,-4434.51938443046,19.988,93.5980457352171,-4340.92132103713,-4434.51936677234,0.483593105737947,1.87689613327607e-05,-0.72644969452289,-10.8840388267514,10.3448943226525,20.9035778212539
2.96884818360039,300045,3,3,112.700983858994,20,-5078.81303253946,-5191.51401639845,20.013,112.701022762311,-5078.81296140266,-5191.51398416497,0.332780958696021,0.000259772636326426,-1.10039725225559,-8.25484620413399,7.23228910072021,21.2966801137162
3.92377167766991,300045,4,4,117.973205231674,20,-5594.89406910587,-5712.86727433754,20.039,117.973401735627,-5594.89385277758,-5712.86725451321,0.255242564413084,0.000938488999741442,-1.36557753539143,-6.97118410169841,5.62991578905241,21.6420212800769
5.0096432015712,300045,5,5,121.148821000239,20,-6071.33075325492,-6192.47957425516,20.008,121.148953861054,-6071.33060871778,-6192.47956257883,0.19451945400692,0.00250820987139733,-1.63727075372808,-5.98790818840425,4.41777118030846,21.9235856128185
1.01153134002359,300045,1,1,24.9676712958026,35,-3050.49566376009,-3075.46333505589,35.0265,24.9675653678705,-3050.4956425056,-3075.46320787347,0.971028073399005,9.89386700514538e-16,-0.0296532488458512,-34.5407796493551,34.6498767226759,35.5348137033433
1.9464689202484,300045,2,2,48.2610348368944,35,-4294.5218640767,-4342.78289891359,35.014,48.2612735185894,-4294.52180802696,-4342.78308154555,0.511974852862316,5.08178713644851e-09,-0.669187652846336,-19.1027259906003,18.6004691837339,35.9418204191237
3.06853955433751,300045,3,3,70.9749520361911,35,-5174.35481388122,-5245.32976591741,34.9515,70.9748796387921,-5174.35477875294,-5245.32965839173,0.326688692154327,2.1696924034248e-06,-1.11896961455635,-13.0383043528764,12.0072331064929,36.3630174585529
3.85409034933866,300045,4,4,87.8952578137087,35,-5614.62450222061,-5702.51976003431,35.145,87.8953019530009,-5614.62440230835,-5702.51970426135,0.258902095937272,1.75514025976335e-05,-1.35146453011591,-10.9488614890208,9.70591783256377,36.8756122140456
5.09817679922429,300045,5,5,108.051409436577,35,-6150.37499688799,-6258.42640632456,35.1245,108.051685304582,-6150.3746860157,-6258.42637132029,0.195689446119961,0.000123076167531227,-1.63119157747885,-9.00276534706343,7.43691118930222,37.3279023121936
1.00870105403216,300045,1,1,23.0225142483691,40,-3042.17176888804,-3065.19428313641,39.996,23.0225861035087,-3042.17167362087,-3065.19425972438,0.973013899016331,7.3689161385167e-18,-0.0272754674421252,-39.4525330956746,39.5820610222361,40.5020799726481
2.01225087460651,300045,2,2,50.9532917133802,40,-4376.99698167826,-4427.95027339164,39.986,50.9534270895001,-4376.99678203693,-4427.95020912643,0.485711886500664,1.09156800945527e-09,-0.722192474545456,-20.6343829508073,20.1696328892307,40.9481491468585
3.03572466554567,300045,3,3,75.3512869191763,40,-5183.44262462223,-5258.79391154141,39.974,75.3512938260192,-5183.44255051597,-5258.79384434199,0.320004062107399,5.45680864212588e-07,-1.13949127699603,-14.4205820163514,13.4903613364411,41.3885982629909
4.04925733747369,300045,4,4,88.7999515510492,40,-5726.5261011996,-5815.32605275064,40.0095,88.8000014443396,-5726.52602637078,-5815.32602781512,0.24360749807531,8.68203579014581e-06,-1.41230188274599,-11.6533241289792,10.3894723619978,41.844887246193
5.05580886274484,300045,5,5,112.385024616762,40,-6160.96958636761,-6273.35461098437,39.86,112.385124913638,-6160.96944939726,-6273.3545743109,0.19258574236279,5.47274823969279e-05,-1.64714505731733,-9.81383885143772,8.32058199594884,42.0932136421735
0.999636506312846,300045,1,1,18.9030858265819,50,-3031.95009903581,-3050.85318486239,49.995,18.9031437587823,-3031.95002068948,-3050.85316444826,0.977665072843518,3.50105740232314e-22,-0.0224421082808924,-49.4109473028973,49.5762500526695,50.498913868868
1.99529222511575,300045,2,2,29.6538431504414,50,-4305.00714652851,-4334.66098967895,50.0395,29.6541064906041,-4305.00686560137,-4334.66097209198,0.520075677334991,1.55171935587208e-12,-0.65370144987664,-27.1936528712687,26.6323940181812,50.9900510279388
3.00733546257795,300045,3,3,54.5644956543456,50,-5161.52286647622,-5216.08736213057,49.975,54.5646685052989,-5161.52267311784,-5216.08734162314,0.329822590189218,1.39062476290576e-08,-1.10910493689819,-18.0925465075634,17.1749846967612,51.3997145927128
3.92495296028172,300045,4,4,62.0278699244445,50,-5659.96076723191,-5721.98863715636,50.0585,62.02792604145,-5659.9607058886,-5721.98863193005,0.257846649982299,3.85627036302005e-07,-1.35541681380336,-14.7681058061596,13.5097064123134,51.8728397738413
4.97590653572929,300045,5,5,70.5721326102885,50,-6109.26082140783,-6179.83295401811,50.1425,70.5721583060067,-6109.26074169306,-6179.83289999907,0.205720632471376,4.09683960685946e-06,-1.58102509884286,-12.4074759831577,10.8765129360556,52.3860519412929
0.993375720488915,50758,1,1,144.258165249446,5,-2917.58635430621,-3061.84451955565,4.9785,144.258283586522,-2917.58621858659,-3061.84450217311,0.944298540776905,0.00534222848816799,-0.0573379284575498,-5.23186752149215,5.28298970103466,5.39320962625133
1.95652299901578,50758,2,2,81.40219886045,5,-4069.51821145685,-4150.9204103173,5.03737373737374,81.4022751880643,-4069.51814761234,-4150.9204228004,0.460560930855434,0.0328256736400491,-0.775595613952186,-3.41570915959122,2.88474143496767,5.64876468641845
2.97717326924838,50758,3,3,74.553548172099,5,-4351.94842607588,-4426.50197424798,5.37108953613808,74.5538229052945,-4351.94811271481,-4426.50193562011,0.268624521986348,0.0589924731101447,-1.31446180211589,-2.83052048411099,2.15671083786984,6.06809264251191
4.04628945255502,50758,4,4,65.4281489056684,5,-4427.04396265144,-4492.47211155711,6.14104778353483,65.4281537100051,-4427.04394053777,-4492.47209424778,0.192269932135841,0.0628476918899274,-1.6488018606715,-2.76698280158938,1.95972238215656,6.92650254808055
4.90187276639577,50758,5,5,28.2901188070846,5,-4510.33459083769,-4538.62470964478,6.67678571428571,28.290241735599,-4510.33452910194,-4538.62477083754,0.162023096208725,0.0618374229779649,-1.81959293806612,-2.78380321473757,1.81896739085028,7.50829171019705
1.00394276415714,50758,1,1,92.5879676409268,10,-3015.71504760665,-3108.30301524758,9.9845,92.5896893448071,-3015.71321864339,-3108.3029079882,0.941249546657826,4.76301914724051e-05,-0.0606729351199958,-9.95064540849687,10.0431977086122,10.455738042348
1.97990061190177,50758,2,2,124.464959006479,10,-4256.55971933221,-4381.02467833869,10.0295,124.464999992105,-4256.55966890411,-4381.02466889621,0.49422847927221,0.00213908550822253,-0.704686866166787,-6.14770049450588,5.49211366525313,10.846484468946
2.95936728956985,50758,3,3,108.049815568202,10,-5017.23613098566,-5125.28594655386,10.011,108.04984796702,-5017.23606853998,-5125.285916507,0.319744761941836,0.008534762198736,-1.14036949815718,-4.76322526910287,3.72419624215454,11.080161390658
4.06269325861914,50758,4,4,68.6163262605778,10,-5522.29669828029,-5590.91302454087,9.94651866801211,68.6163087615569,-5522.29665380039,-5590.91296256195,0.216866342551468,0.0187247523610404,-1.52838228916505,-3.97787423692311,2.71980859635869,11.1743141327947
5.05080263977733,50758,5,5,61.488909032727,10,-5773.70254975462,-5835.19145878735,10.4030769230769,61.4888571390411,-5773.70247788386,-5835.1913350229,0.159630641733196,0.0259094596687538,-1.83549675443339,-3.65197323228169,2.30769148648516,11.7249227657128
0.996563477623224,50758,1,1,56.3727845065837,15,-3027.93831782997,-3084.31110233655,14.976,56.372827107135,-3027.93823041215,-3084.31105751929,0.965369879652224,3.0604417701836e-07,-0.0352359067986873,-14.999862573401,15.0435315417648,15.4656525629344
2.0340924802144,50758,2,2,109.620622770903,15,-4333.4525687665,-4443.07319153741,14.9295,109.620657260522,-4333.45249677257,-4443.07315403309,0.483007868336636,0.000217654221038262,-0.7278475078425,-8.43162074535752,7.81335815697369,15.8202664662576
2.99460960995863,50758,3,3,124.433541513338,15,-5072.81549442525,-5197.24903593859,14.9595,124.433559427099,-5072.81539206304,-5197.24895149013,0.328589279188108,0.00148230675555095,-1.11298913213115,-6.51423224474683,5.44335933405025,16.1853883901499
3.92085705684124,50758,4,4,117.196376888456,15,-5583.63212482591,-5700.82850171436,14.93,117.196334933348,-5583.63209260168,-5700.82842753503,0.246461019882705,0.00396568281962558,-1.40051940642351,-5.53046448294685,4.20595822744371,16.4086812595008
5.01228644855972,50758,5,5,100.997132302613,15,-6048.5871131812,-6149.58424548381,15.045045045045,100.997130964191,-6048.58705396934,-6149.58418493353,0.18235701264972,0.00805518386627656,-1.70200414984614,-4.8208682441845,3.3079448433159,16.7603614810497
1.01333690669661,50758,1,1,47.3630500425447,20,-3068.14857862752,-3115.51162867007,20.0005,47.3630818388656,-3068.14851231593,-3115.5115941548,0.944953063790425,3.54655361913369e-09,-0.0567294642495885,-19.4551178487981,19.5656415795292,20.5035965109538
1.99098437409836,50758,2,2,86.1179846509913,20,-4323.94032210395,-4410.05830675494,19.9705,86.1179813253402,-4323.94029443496,-4410.0582757603,0.492963581419344,1.58906146308109e-05,-0.707176855148309,-11.0512669727306,10.4677121734682,20.8820414783627
3.01171843509457,50758,3,3,94.1762223847763,20,-5087.49952854884,-5181.67575093362,20.059,94.176135877512,-5087.49942404273,-5181.67555992024,0.33820290187528,0.000230594058177655,-1.08424992764703,-8.37428573927129,7.29879372493308,21.3558637145017
4.01393123513493,50758,4,4,127.591201451858,20,-5639.3276213259,-5766.91882277775,20.0485,127.591288858029,-5639.32748574946,-5766.91877460749,0.246672752699389,0.00108207144561776,-1.3997862226113,-6.82823602167925,5.49394745939655,21.67923223177
5.02057372838331,50758,5,5,135.368074792926,20,-6082.48943464089,-6217.85750943382,20.012,135.368564346097,-6082.48888591638,-6217.85745026248,0.190845121316422,0.0026634785762316,-1.65616636197092,-5.92842545961274,4.37809953486557,21.9456396404682
1.00483323463909,50758,1,1,25.5355565824207,35,-3039.0643052951,-3064.59986187752,35.001,25.535519327037,-3039.06426075442,-3064.59978008145,0.974715544078603,8.96244285866212e-16,-0.0254867814182569,-34.6522801251118,34.7643793425912,35.5057963767849
1.98491333730012,50758,2,2,51.0776815374838,35,-4341.78659121554,-4392.86427275302,35.002,51.0779628696482,-4341.78641744355,-4392.8643803132,0.498277376735842,8.05445315413085e-09,-0.696417625676148,-18.6401757906164,18.1172720277108,35.9495926457961
2.97853463176733,50758,3,3,74.9792102820375,35,-5133.20209902612,-5208.18130930816,35.147,74.9793776967572,-5133.20188430438,-5208.18126200114,0.330689061572178,1.80162636220598e-06,-1.10662234475388,-13.2264964038055,12.2720321460431,36.5273092161821
3.96024385894714,50758,4,4,84.8498491865876,35,-5656.9596368187,-5741.80948600529,35.009,84.8499095386605,-5656.95956448671,-5741.80947402537,0.255015558085713,2.04250611948756e-05,-1.36636708659471,-10.7992453803426,9.49197070776102,36.7762290343478
5.00149762530443,50758,5,5,98.3211703362249,35,-6099.7445460468,-6198.06571638302,35.06,98.3212229350447,-6099.74447750982,-6198.06570044486,0.2025821948983,0.000100881432397801,-1.59665313352577,-9.20136594480354,7.64913695327608,37.2170338126959
1.01765845891992,50758,1,1,24.3256641778084,40,-3101.02565987161,-3125.35132404941,39.9735,24.3257207137863,-3101.02554434819,-3125.35126506198,0.94215734134566,2.50915103057277e-17,-0.0594332251508473,-38.2295206317091,38.3322152459197,40.4933962235239
2.04040519462959,50758,2,2,49.3610307607478,40,-4407.51296335769,-4456.87399411844,39.9825,49.3611869386395,-4407.51279925437,-4456.87398619301,0.480468690759695,1.32908319870061e-09,-0.733050553000871,-20.4377105708063,19.907476350936,40.9607968485706
3.01615225520765,50758,3,3,63.7161220785119,40,-5152.31470260424,-5216.03082468275,39.9705,63.7162238453675,-5152.31457299243,-5216.0307968378,0.33093363819599,3.60564801332506e-07,-1.10582932720883,-14.8355383153069,13.8540850677062,41.377213365407
4.00295460837109,50758,4,4,86.3706451822263,40,-5709.3867631322,-5795.75740831443,40.0955,86.3706116752373,-5709.38671153547,-5795.75732321071,0.246535972107843,7.63444542548851e-06,-1.40009771220259,-11.7845307733349,10.4997700899841,41.917142879487
5.05435237400489,50758,5,5,88.2386303540961,40,-6133.84877134278,-6222.08740169688,39.9695,88.2385720009706,-6133.84877101426,-6222.08734301523,0.200989201493493,3.92923187439979e-05,-1.60463027964454,-10.1433004316871,8.56540657220676,42.1923027291845
1.02702310822179,50758,1,1,19.8188551038525,50,-3097.25754637258,-3117.07640147643,50.0115,19.8188120783425,-3097.25749274641,-3117.07630482475,0.945169114281718,1.69283283544147e-21,-0.0563552785209674,-47.8292550990834,47.9499644804865,50.5315719688643
1.96975138567548,50758,2,2,37.260717531628,50,-4344.09722099481,-4381.35793852644,49.9585,37.2607699239643,-4344.09711280605,-4381.35788273002,0.501007379971319,4.09908928430138e-12,-0.691179429482561,-26.2189027613327,25.7160189241684,50.9164017960631
2.94001134930395,50758,3,3,51.1046130173327,50,-5112.83273584638,-5163.93734886372,50.098,51.1075438821681,-5112.83248449683,-5163.940028379,0.339235016001515,8.5532290755903e-09,-1.07983859435072,-18.5975866962933,17.6716367685767,51.4922091496381
3.98442729356517,50758,4,4,75.7777924372149,50,-5717.30372696686,-5793.08151940408,49.8885,75.7777560686136,-5717.30366493479,-5793.0814210034,0.24563990001641,7.14905751697639e-07,-1.40406268487957,-14.1488260976905,12.9421017338763,51.7366054310433
4.85017340786132,50758,5,5,72.0064641360086,50,-6061.2592316588,-6133.26569579481,50.1065,72.0064254019999,-6061.25909359385,-6133.26551899585,0.210344686504845,3.3508516482867e-06,-1.5586884905258,-12.609484032599,11.1016600044158,52.2998698605966
0.987059574694356,-10000,1,1,142.152136930907,5,-2927.84931594385,-3070.00145287476,5.0025,142.151739454783,-2927.8492245201,-3070.00096397488,0.940706918028092,0.00529555919363273,-0.0611116558323098,-5.24164237869804,5.28659108796999,5.4191417648982
2.02964286828526,-10000,2,2,82.7515233613194,5,-4135.63026118545,-4218.38178454677,5.15637651821862,82.7515045776099,-4135.63023281041,-4218.38173738802,0.437814497456369,0.0336297236324093,-0.826040935303282,-3.39236413731122,2.83437337026359,5.78555747183803
3.0530266258076,-10000,3,3,61.2033327447189,5,-4388.03577054859,-4449.23910329331,5.3802055164954,61.2032837476418,-4388.03575931315,-4449.23904306079,0.257134108851343,0.0614362123162626,-1.35849390028592,-2.78939719758972,2.09068386283521,6.07631312529329
3.99659163631374,-10000,4,4,57.6998213593788,5,-4453.95868284766,-4511.65850420704,5.99542595769011,57.6998042690184,-4453.95866054633,-4511.65846481534,0.187790410110791,0.0668405100896971,-1.67212721910165,-2.70575283613744,1.89752037761396,6.76019794413463
4.84747260274953,-10000,5,5,62.5896579932487,5,-4398.7579184558,-4461.34757644905,6.39794685990338,62.5896591624596,-4398.75788786077,-4461.34754702323,0.144378740297507,0.0729666606243708,-1.93521398579464,-2.618066655917,1.76136160030643,7.19655491282677
1.00362128709746,-10000,1,1,75.6279108310127,10,-2993.34514726114,-3068.97305809216,9.9745,75.6278657105786,-2993.34513390358,-3068.97299961416,0.974089533046658,3.53367936553135e-05,-0.0260552104106321,-10.2523196807666,10.2623865488967,10.4447273515233
1.96416693682779,-10000,2,2,126.530495065592,10,-4238.80068640177,-4365.33118146736,9.991,126.530514173818,-4238.80056817558,-4365.3310823494,0.495902488218048,0.00216090692366842,-0.701500411385755,-6.13687615781019,5.51326045312825,10.7972579595082
3.00934144559009,-10000,3,3,98.049525413232,10,-5052.21151512381,-5150.26104053704,9.92846423211606,98.0495475991447,-5052.21146792773,-5150.26101552687,0.313505624829122,0.00919543498245132,-1.16001926506019,-4.6886693765233,3.62753223819586,11.0040517561803
4.06616149619412,-10000,4,4,72.576973887396,10,-5527.70989351865,-5600.28686740605,10.0464411913175,72.5775320458215,-5527.70927477112,-5600.28680681694,0.213934470766027,0.0187552849251441,-1.5422721306111,-3.97603724697767,2.73838608963927,11.2724474301608
4.96876532881458,-10000,5,5,24.5557584095968,10,-5762.43473481496,-5786.99049322455,10.3962070732957,24.5562630272634,-5762.43469808039,-5786.99096110766,0.171333198798791,0.0235889719558105,-1.76367702043948,-3.74815436837507,2.34694403235256,11.7069772027057
0.996137474580048,-10000,1,1,58.431085972245,15,-3030.99033955779,-3089.42142553004,14.9875,58.4312402551009,-3030.9901448241,-3089.4213850792,0.959838042864834,3.27989406897739e-07,-0.0409375717587594,-14.9312341746367,14.9976298488468,15.4766972653296
2.03143244039666,-10000,2,2,99.4248903576245,15,-4324.17921495958,-4423.60410531721,14.9825,99.4249016432132,-4324.17917518712,-4423.60407683033,0.491366526983003,0.00018901166311558,-0.71060076434217,-8.57359845596754,7.92739357881492,15.8746736861283
2.98809246862581,-10000,3,3,139.045673238401,15,-5060.70452905624,-5199.75020229464,15.0015,139.04581789951,-5060.70437036251,-5199.75018826202,0.325033748814952,0.00154016028899846,-1.12390540882584,-6.47543367121158,5.4657565392167,16.2190592888086
3.94621692973305,-10000,4,4,123.108291547107,15,-5589.37141764443,-5712.47970919154,15.212,123.108765245181,-5589.37091341326,-5712.47967865844,0.246206792173449,0.00369218245883382,-1.40144420396888,-5.60205396647273,4.26918880754882,16.7114401684988
5.00781226512959,-10000,5,5,102.992839222961,15,-6046.42966083464,-6149.4225000576,15.0225450901804,102.992885623998,-6046.42955676741,-6149.42244239141,0.180150207629037,0.00833586832900588,-1.71412078434056,-4.78692447041422,3.29016597296134,16.7201971527718
0.975147405457404,-10000,1,1,44.4371441683893,20,-2987.80626274937,-3032.24340691776,20.026,44.4372993578618,-2987.80605010425,-3032.24334946211,0.986178814731079,1.5807939420599e-09,-0.0139962570147924,-20.2635724958203,20.4087999841094,20.5100107752749
1.97882476560428,-10000,2,2,78.7254256783981,20,-4307.4625557049,-4386.1879813833,20.034,78.7256330798391,-4307.46230057104,-4386.18793365088,0.502153510759046,1.29649818937793e-05,-0.688939115654852,-11.2524792834243,10.6366201445986,20.9423214608708
3.00432093679958,-10000,3,3,117.532392684601,20,-5093.43043679556,-5210.96282948016,19.9265,117.532448569537,-5093.43033551438,-5210.96278408392,0.328486938519627,0.000288424417716217,-1.11337925683924,-8.15041026136497,7.1351894118362,21.2159616090132
3.9864755236311,-10000,4,4,128.518237657637,20,-5634.9581718192,-5763.47640947684,20.148,128.518176556551,-5634.95811078579,-5763.47628734235,0.246939189778614,0.0010519928722655,-1.39884935909407,-6.85603632533172,5.5280802643942,21.7753201970421
4.914529010772,-10000,5,5,142.50966572937,20,-6029.36960751694,-6171.87927324631,20.1020510255128,142.50982662255,-6029.36940116407,-6171.87922778662,0.194714069839392,0.00247470001994771,-1.63608253818729,-6.0020796273279,4.50032700085088,21.9932426199857
1.01312894091724,-10000,1,1,25.1357321464957,35,-3062.29514715642,-3087.43087930292,34.9915,25.1359646505698,-3062.2948628616,-3087.43082751217,0.965556939542512,1.23216813954155e-15,-0.0350175467392999,-34.3313274839893,34.4137310637023,35.5028932047492
2.0695606843027,-10000,2,2,50.0665283065136,35,-4424.95297062168,-4475.0194989282,34.932,50.0665950793054,-4424.95290376899,-4475.01949884829,0.48072838149804,1.47762147108918e-08,-0.732246110594152,-18.0335820137308,17.4090570431262,35.9214947105131
2.91560410802989,-10000,3,3,74.2105266891385,35,-5096.69796383531,-5170.90849052445,34.9925,74.2106894513618,-5096.69779558212,-5170.90848503348,0.337295360216412,1.53302837974275e-06,-1.08680272121078,-13.3882606590226,12.4206120167399,36.3484863835538
4.03923014881091,-10000,4,4,90.7060699509393,35,-5713.07329348771,-5803.77936343865,34.9195,90.7060911791732,-5713.07324805464,-5803.77933923381,0.247076358364309,2.67312841529567e-05,-1.39815371383195,-10.528768659784,9.18323696048857,36.7336534377735
5.01100118634357,-10000,5,5,99.2872860211482,35,-6111.50411072783,-6210.79139674897,34.964,99.2873299858829,-6111.50403035393,-6210.79136033982,0.201848106142436,0.000104867499167048,-1.60011763652202,-9.16358518802173,7.57320749282896,37.1359147707771
1.01283784187356,-10000,1,1,25.3745861160405,40,-3118.3258609825,-3143.70044709854,40.0075,25.3746692908539,-3118.32575226393,-3143.70042155478,0.9310711055755,3.75192530027922e-17,-0.0713605696532034,-37.8237409381152,37.9494094557703,40.5307213005017
1.99280161799987,-10000,2,2,43.8224710445247,40,-4346.63195042424,-4390.45442146876,40.049,43.8219684380056,-4346.63186707585,-4390.45383551385,0.50021459050018,6.03472217738994e-10,-0.693130704492629,-21.2205560948832,20.6869110204658,41.0044539650789
3.08867718260034,-10000,3,3,59.0207257818884,40,-5179.83781878006,-5238.85854456194,40.0505,59.0206520830943,-5179.83769971627,-5238.85835179936,0.329046321526501,3.74415562145588e-07,-1.11123957052639,-14.8021041766914,13.7717615669438,41.4813673475185
4.04127749732556,-10000,4,4,75.3422494656807,40,-5698.91622350483,-5774.25847297051,39.9,75.3423085303675,-5698.9161464711,-5774.25845500147,0.251452057084821,6.65564626649092e-06,-1.38047574869003,-11.9204667088235,10.6051166631346,41.7236216868682
5.01894303547878,-10000,5,5,108.039988191093,40,-6145.05902609873,-6253.09901428982,40.026,108.039996139437,-6145.05896653012,-6253.09896266956,0.195163678384197,4.82955879521834e-05,-1.63404530176458,-9.93703571494237,8.4376991519704,42.2483348801679
0.989251566936379,-10000,1,1,26.7933744734155,50,-3053.93222734689,-3080.72560182031,50.019,26.7934698735539,-3053.93210023402,-3080.72557010757,0.937429415032551,2.52097627617866e-21,-0.0646688417765646,-47.4269052052846,47.9510785296228,50.5167746719293
2.00255934366748,-10000,2,2,40.1550708942532,50,-4386.68055285193,-4426.83562374618,50.002,40.1550981999217,-4386.68051123933,-4426.83560943925,0.487494574197574,7.70523237928561e-12,-0.718414554783403,-25.5907034012319,25.109699319837,50.9766645802155
3.05661737578231,-10000,3,3,57.4934862938517,50,-5195.10542327646,-5252.59890957031,50.0365,57.4934547922085,-5195.10536498267,-5252.59881977488,0.322992324024361,1.88320647843238e-08,-1.1301152873564,-17.7875904062997,16.8363464729425,51.4795242868498
4.00607502118298,-10000,4,4,57.2358097037277,50,-5684.03155776547,-5741.2673674692,49.908,57.2358056963558,-5684.03149096684,-5741.2672966632,0.257008819816861,4.13992455221228e-07,-1.35842977406915,-14.7002407809761,13.3844183409261,51.7504881999753
4.97720058548122,-10000,5,5,90.4358716856077,50,-6147.50306524684,-6237.93893693244,50.0785,90.4365490614828,-6147.5023600318,-6237.93890909328,0.196871408650836,6.28068304072676e-06,-1.62508484695315,-11.9793194842019,10.5023680553491,52.3421556060271
0.992271473833692,74562,1,1,120.030052195729,5,-2919.01643867432,-3039.04649087005,5.0485,120.030321065882,-2919.01614971614,-3039.04647078202,0.968216436535072,0.00448254807887725,-0.0322508436360703,-5.40764368917324,5.40235481148564,5.46547753216725
1.96854696761337,74562,2,2,86.7094109371942,5,-4071.48343291728,-4158.19284385448,4.97064777327935,86.7079104424779,-4071.48332103958,-4158.19123148206,0.449164071713762,0.0355419555623494,-0.801647208322869,-3.33382000927809,2.81820285072413,5.58052202495734
2.93776948176423,74562,3,3,83.9884515694557,5,-4382.54099808429,-4466.52944965374,5.36290753607696,83.9887777729182,-4382.54060705426,-4466.52938482718,0.265728191498366,0.060067688584288,-1.32494576805509,-2.81268973905598,2.16405295667434,6.0576886555725
4.04365514392532,74562,4,4,54.3922370580149,5,-4489.51461937154,-4543.90685642956,6.03872437357631,54.3922284423043,-4489.51461624415,-4543.90684468646,0.186038193639264,0.0664647982415602,-1.68174530923691,-2.7112516407748,1.89066622029838,6.80769406840425
5.03627938089725,74562,5,5,27.6155914663414,5,-4350.66387731268,-4378.27946877902,6.71570453134699,27.6155983807639,-4350.66385406569,-4378.27945244645,0.155147531090588,0.0633131379461828,-1.86330268924832,-2.75960310289016,1.78828968121205,7.54569298741162
1.04134203678369,74562,1,1,88.9522728949414,10,-3069.9587621118,-3158.91103500674,9.965,88.9523041883444,-3069.95869226014,-3158.91099644848,0.922672809085067,5.69191203947797e-05,-0.0805847761769921,-9.77294699442098,9.80734342529221,10.4501648645724
1.99511236700643,74562,2,2,115.852006937958,10,-4261.73281810966,-4377.58482504762,10.0895,115.85200914979,-4261.73277266201,-4377.5847818118,0.497290271863178,0.00201688161788984,-0.698736096937369,-6.20541760511319,5.52024234950875,10.9074045387913
3.02844839827901,74562,3,3,100.762161897751,10,-5057.62003882185,-5158.3822007196,10.0140070035018,100.762670255002,-5057.61949810363,-5158.38216835863,0.31069889798563,0.0091699606919496,-1.16906308605873,-4.69149673374596,3.65514609294745,11.0923525279099
3.96849494356502,74562,4,4,68.3641878187336,10,-5504.51449806511,-5572.87868588384,10.0115869017632,68.364488898399,-5504.51418487464,-5572.87867377304,0.222359840541141,0.0177092160639405,-1.50334963994065,-4.03392122172492,2.78511349148926,11.230322753191
4.94499154566628,74562,5,5,29.3626476362488,10,-5654.09037481748,-5683.45302245373,10.2382428940568,29.3638584353166,-5654.090339333,-5683.45419776832,0.179294087338084,0.0229999395068466,-1.71775339033168,-3.77486249806921,2.39576408140547,11.5321394527627
1.00422777580461,74562,1,1,52.2509443139693,15,-3015.92111779061,-3068.17206210458,14.99,52.2511611179057,-3015.92087992975,-3068.17204104766,0.977032329494655,2.55561411030202e-07,-0.0231341628695898,-15.1813165538384,15.2132568563019,15.4781293429519
1.99966822619309,74562,2,2,90.7491951357888,15,-4281.53062551332,-4372.27982064911,15.085,90.7491815296826,-4281.53056755656,-4372.27974908624,0.505991378443665,0.000147892996178577,-0.681106125415526,-8.82020610814132,8.17887169629112,15.9608364552734
3.01537413387519,74562,3,3,141.699020750286,15,-5085.7537955177,-5227.45281626799,15.0675,141.700102539918,-5085.7526902879,-5227.45279282782,0.31979221952008,0.00160891468681026,-1.14014027197222,-6.43179122657834,5.41548182804374,16.2961179679686
4.0284503798181,74562,4,4,119.484078972288,15,-5634.03287424242,-5753.51695321471,14.981,119.484055594626,-5634.03284906519,-5753.51690465982,0.238862963707141,0.00427417361290033,-1.43171061192407,-5.45582556078195,4.11098013035654,16.4919875145232
4.97130277077567,74562,5,5,124.66260620693,15,-6055.86266737193,-6180.52527357886,15.2205,124.662731415297,-6055.86251378702,-6180.52524520231,0.176931081902237,0.0083688218331162,-1.73198685057492,-4.78309589334317,3.33040953905678,16.9360791006379
1.00303188698814,74562,1,1,46.3194996228226,20,-3043.3881610633,-3089.70766068612,20.023,46.319510595275,-3043.38810950897,-3089.70762010424,0.958218813449358,2.69661361235117e-09,-0.0425356002593389,-19.7340297338031,19.8240516021093,20.5201615978831
1.98947228614227,74562,2,2,79.9762105096625,20,-4315.43639179429,-4395.41260230396,19.958,79.9761870698821,-4315.43636752434,-4395.41255459422,0.499467548817458,1.41456600785678e-05,-0.69401961357766,-11.1679723622062,10.5475266137478,20.8688593572765
3.04145058172032,74562,3,3,138.427289326685,20,-5136.98969917879,-5275.41698850548,20.033,138.427114985811,-5136.98962483291,-5275.41673981872,0.313266772217081,0.000365815281854065,-1.1610361854626,-7.91138900145177,6.96875919595459,21.3416605141902
4.01621750622602,74562,4,4,143.101461195929,20,-5649.64036154742,-5792.74182274335,20.009,143.101624508929,-5649.64018379286,-5792.74180830179,0.240038741228932,0.00123176637151049,-1.42697263654683,-6.6993387887044,5.42958550609232,21.6353532411331
5.08015563786909,74562,5,5,119.98917632798,20,-6097.15052884959,-6217.13970517757,20.0855,119.989242596858,-6097.15041788933,-6217.13966048619,0.191598385130367,0.00258786994110584,-1.65227527617961,-5.95703677193593,4.38339858980625,22.0205473724585
1.00194195675307,74562,1,1,31.991670290598,35,-3099.83881416732,-3131.83048445791,34.992,31.9916930285485,-3099.83867604647,-3131.83036907502,0.928212822162332,4.44970840267429e-15,-0.0746892965341591,-33.039795624077,33.2312549649983,35.505219347568
1.99008645952202,74562,2,2,51.3525498160025,35,-4350.70417062923,-4402.05672044524,34.991,51.3527123157473,-4350.70411383246,-4402.05682614821,0.496297279638824,8.63991035520492e-09,-0.700368301285294,-18.5705249987206,18.0162491549221,35.9425864525647
2.98262010974821,74562,3,3,71.8819051110604,35,-5104.10620635999,-5175.98811147106,34.9535,71.8820532047812,-5104.10602439004,-5175.98807759482,0.336366615127653,1.6005118749087e-06,-1.08952106019509,-13.3457443703605,12.4211089277564,36.3156633259175
4.00184036988314,74562,4,4,91.0255901095916,35,-5681.9708352539,-5772.99642536349,34.9995,91.0256605679078,-5681.97074454554,-5772.99640511344,0.249854439666046,2.41486432250488e-05,-1.3868824482183,-10.6313710470473,9.33913505308857,36.7817321854639
5.09342576806617,74562,5,5,106.823296128452,35,-6148.01310705203,-6254.83640318048,35.0915,106.823473232513,-6148.01287146068,-6254.8363446932,0.196059260115428,0.000122496058765165,-1.62929459946754,-9.00749852151098,7.45115158935923,37.2948452567062
1.01806112403802,74562,1,1,24.0483798140049,40,-3081.98448162501,-3106.03286143902,40.0065,24.0485725786907,-3081.98415336473,-3106.03272594342,0.951060118371211,1.72003319633613e-17,-0.0504137697614946,-38.5927930896622,38.7287157542537,40.5214212503735
2.00140838225604,74562,2,2,49.2670795144413,40,-4364.05994321612,-4413.32702273056,39.9585,49.267127663401,-4364.05983648966,-4413.32696415307,0.49044271368107,9.22421630705674e-10,-0.712590721027692,-20.8013251319909,20.3355809750803,40.9166836370691
2.96427777320397,74562,3,3,72.7209114336592,40,-5122.29312778003,-5195.01403921369,39.871,72.7209930225681,-5122.29301227807,-5195.01400530064,0.330429784141501,3.84211942289595e-07,-1.1074764666177,-14.7706121087727,13.9153754038972,41.2480545563984
3.96645908555096,74562,4,4,78.927853764043,40,-5676.68887991367,-5755.61673367771,39.958,78.9278489256285,-5676.6887579969,-5755.61660692253,0.252966028818337,6.23206140781919e-06,-1.37439335090235,-11.986584839896,10.6913991376537,41.7581791698566
4.97155246929446,74562,5,5,90.5957543535915,40,-6101.60966379674,-6192.20541815033,40.058,90.5957954051801,-6101.60956661406,-6192.20536201924,0.203567962183977,3.5335304845421e-05,-1.59183277363972,-10.2497862612233,8.70903998391661,42.2494237191932
1.00225301762859,74562,1,1,17.4903474097155,50,-3063.780265913,-3081.27061332271,50.032,17.4902952740545,-3063.78023927305,-3081.2705345471,0.969462170331225,5.01326578551365e-22,-0.0309493349530296,-49.0476107377987,49.1408988288773,50.5469380073223
1.96520449184007,74562,2,2,35.5711578213586,50,-4330.37506812687,-4365.94622594823,50.0385,35.5713130685972,-4330.37487155225,-4365.94618462085,0.50624780814346,3.05312865143766e-12,-0.680787748284758,-26.5131798921148,26.008197990251,50.9922383510797
3.04053210499655,74562,3,3,53.4620063682614,50,-5185.79468082305,-5239.25668719131,49.9605,53.4622141339214,-5185.79446176414,-5239.25667589807,0.326914206866219,1.59720489020448e-08,-1.11811076716088,-17.9514805103095,16.9842534143692,51.4037125768352
4.03793382924658,74562,4,4,63.0147828853796,50,-5723.47644869593,-5786.49123158131,50.0405,63.0147850599478,-5723.4764240929,-5786.49120915285,0.25000404091168,5.55409970947186e-07,-1.38618857224207,-14.4046000414815,13.0872421761689,51.910777028198
4.84466227281014,74562,5,5,75.0342467308737,50,-6069.40533213989,-6144.43957887077,49.9085,75.0342527177008,-6069.40525238221,-6144.43950509991,0.208467503533905,3.81508352958377e-06,-1.56784933538579,-12.4775477363534,10.9903003337684,52.1040600703116
1.02175826997902,-92345,1,1,133.755430473811,5,-2984.69337370978,-3118.44880418359,5.001,133.755452633759,-2984.69332110075,-3118.4487737345,0.920179751798843,0.00573571230198592,-0.0833002916559774,-5.16060502248169,5.15238143329744,5.42712131532878
1.9940629229455,-92345,2,2,88.2413519761667,5,-4101.39429920485,-4189.63565118102,5.0414979757085,88.2413888104184,-4101.39420082591,-4189.63558963633,0.438729458814303,0.0357126202493332,-0.824166992893431,-3.33172451397156,2.81603474297305,5.65690363048477
2.9737327729649,-92345,3,3,50.1881166589092,5,-4379.8247531702,-4430.01286982911,5.38927613941019,50.1881270122522,-4379.82473466147,-4430.01286167373,0.280583350387449,0.0557180070916336,-1.27096676987878,-2.88737202346712,2.1768973979308,6.08237190275372
3.93148411933269,-92345,4,4,61.9101696643411,5,-4475.93002481674,-4537.84019448109,5.88863764838892,61.9101381757055,-4475.92990751482,-4537.84004569052,0.18813349627488,0.0690394785728427,-1.67125242858906,-2.67241170955818,1.89157117158393,6.63931384556746
4.98064716342541,-92345,5,5,59.7316499671433,5,-4334.90948079181,-4394.64113075896,6.62608158220025,59.7315076097293,-4334.90946040297,-4394.6409680127,0.146742939442004,0.0679930616627788,-1.91929307631406,-2.68859327175511,1.7985467076049,7.45745901793207
0.979450367687738,-92345,1,1,74.6150031227007,10,-2944.34315686301,-3018.95815998571,10.0255,74.6149983502146,-2944.34309356365,-3018.95809191387,0.998256338406549,2.70577471557246e-05,-0.00187498950534856,-10.5163254427524,10.56587572141,10.4854655217083
2.00502380495114,-92345,2,2,141.908830333627,10,-4282.2228745369,-4424.13170487053,9.97,141.908881357034,-4282.22280707106,-4424.13168842809,0.478091882700069,0.00253226326093582,-0.738006452849173,-5.97848903360598,5.354450216434,10.7919560072964
2.94323403118588,-92345,3,3,145.084392211011,10,-5008.62043341737,-5153.70482562838,10.0105,145.08440549213,-5008.62039726766,-5153.70480275979,0.307861271752707,0.0094787988455814,-1.17809286609613,-4.65888856928626,3.70713865515355,11.0761688870744
4.01051751510113,-92345,4,4,64.669863605629,10,-5525.15065577668,-5589.82051938231,10.1765593561368,64.6698891200549,-5525.15059056494,-5589.820479685,0.224753306900255,0.0165893255544737,-1.49290554580011,-4.09852339732423,2.8232162559593,11.4186592710423
4.97732710571549,-92345,5,5,32.6603123367986,10,-5769.1627319602,-5801.82304429699,10.40625,32.6607471941898,-5769.16256531298,-5801.82331250717,0.168862178391324,0.0240135609857056,-1.77804290494521,-3.7305030119449,2.34196309537047,11.7267829287897
1.01125074826358,-92345,1,1,59.7462811274563,15,-3036.0071435969,-3095.75342472436,15.0055,59.746353557035,-3036.00703197508,-3095.75338553211,0.955518021092948,3.42873704114242e-07,-0.045386394921508,-14.8874445176977,14.9592000188542,15.4954920014602
2.04936141785938,-92345,2,2,99.5602893878149,15,-4359.5204853901,-4459.08077477791,15.0185,99.5602772549728,-4359.52040272407,-4459.08067997904,0.484125211385422,0.000203392082293892,-0.725628497226793,-8.49886942548005,7.79892400692981,15.9257363976405
3.04480328563676,-92345,3,3,129.055353400692,15,-5105.41722931511,-5234.47258271581,14.955,129.056185719536,-5105.41633191608,-5234.47251763561,0.321565296871873,0.00161851736710929,-1.1347448749793,-6.42530701660502,5.34248226446631,16.196608575228
3.96962712113793,-92345,4,4,118.318517019622,15,-5605.17559221801,-5723.49410923763,14.983991995998,118.318657360825,-5605.17536445209,-5723.49402181292,0.242602242863751,0.00409360755850329,-1.41616485523625,-5.49872735600291,4.16502969235444,16.4753290488967
4.94461371391743,-92345,5,5,110.295764982085,15,-6014.95315731898,-6125.24892230106,14.8127190786179,110.295806903992,-6014.95310168198,-6125.24890858597,0.182848593515844,0.00843209397624532,-1.69910479504444,-4.77557171789232,3.29980764310524,16.5010756657008
1.00535858656838,-92345,1,1,48.0703421291805,20,-3059.64143068501,-3107.71177281419,20.0345,48.0703690040814,-3059.64137029112,-3107.71173929521,0.946530465534937,3.34058318542582e-09,-0.0548243481756496,-19.5195680381791,19.6574574055536,20.5346947043828
2.01787802435736,-92345,2,2,84.1365692955642,20,-4340.10916519176,-4424.24573448733,20.0265,84.1365788060839,-4340.10910688191,-4424.24568568799,0.490298651967218,1.61900625328331e-05,-0.712620166379071,-11.0320795864591,10.4325580757149,20.9459327436163
2.98597127506629,-92345,3,3,109.585327603208,20,-5089.59875791383,-5199.18408551704,19.9565,109.585356934288,-5089.59868769698,-5199.18404463127,0.333068936956092,0.000262178802782182,-1.09948293728747,-8.24613969515001,7.18838095711335,21.2517799902837
3.9478003124612,-92345,4,4,124.287112956368,20,-5616.74108785137,-5741.02820080773,20.014,124.287226951617,-5616.74093232641,-5741.02815927803,0.250801366523509,0.00101786025312306,-1.38309378370784,-6.8902576187022,5.5520828075135,21.6333251250992
5.00640118474,-92345,5,5,141.245049941827,20,-6075.35304810868,-6216.59809805051,19.815,141.245055597043,-6075.35299962782,-6216.59805522486,0.189818317400141,0.00282414443347845,-1.66155929631003,-5.8701566762241,4.33799299908428,21.729648203849
1.01606626654868,-92345,1,1,25.4846655951346,35,-3069.45386795846,-3094.93853355359,35,25.4842940971794,-3069.45381119101,-3094.93810528819,0.961173758198947,1.41938800681404e-15,-0.0395529183133406,-34.1907882685239,34.2791232124216,35.5128851829209
1.99902180034266,-92345,2,2,49.4376487072159,35,-4348.84530136475,-4398.28295007197,34.908,49.4377265394442,-4348.84530029213,-4398.28302683157,0.498574264712328,8.33094511725423e-09,-0.695625547232722,-18.6098961625035,18.0520760936398,35.8610633787639
3.00907496922839,-92345,3,3,71.4611311980316,35,-5134.57484021848,-5206.03597141651,35.069,71.4611523563572,-5134.57470374773,-5206.03585610409,0.332058966980243,1.7638779208337e-06,-1.10220405272234,-13.2508048095813,12.2785691879792,36.4524705803719
3.95743793110446,-92345,4,4,79.070242136012,35,-5650.1474784231,-5729.21772055911,34.928,79.070189627013,-5650.14744240915,-5729.21763203616,0.258064009559759,1.88637901132073e-05,-1.35442440530765,-10.8796240559829,9.53507227599895,36.6945222356687
5.01537944667862,-92345,5,5,114.619671549298,35,-6129.71172206474,-6244.33139361404,35.08,114.619662823993,-6129.71166158428,-6244.33132440827,0.196100375204765,0.000123241236974556,-1.62915842416519,-9.00142160166595,7.4772967565441,37.2581320330734
0.999973040600689,-92345,1,1,22.0390236450153,40,-3033.93489229569,-3055.97391594071,40.0235,22.0390419789092,-3033.93484144086,-3055.97388341977,0.980086477579688,5.43062167301529e-18,-0.02023343727819,-39.7498831353424,39.8577045200875,40.5285553138806
2.02584975643815,-92345,2,2,50.0342985229308,40,-4404.81843658544,-4454.85273510837,40.009,50.0345552372355,-4404.8181360372,-4454.85269127443,0.480685830790597,1.30223244664957e-09,-0.732680577122135,-20.4565750471518,19.9510931034707,40.9867205962376
3.01708003222265,-92345,3,3,62.4371290144609,40,-5156.8604465388,-5219.29757555326,39.99,62.4371480507552,-5156.86037396227,-5219.29752201302,0.331260548628712,3.53015539017064e-07,-1.10500197340257,-14.8548222164469,13.8430024576452,41.4020139744073
4.16392499712527,-92345,4,4,91.7779627142982,40,-5779.99835730707,-5871.77632002137,40.0675,91.7784709992748,-5779.99773518072,-5871.77620617999,0.23652697634452,1.10518660589508e-05,-1.44191648871971,-11.4109404353544,10.1289094027027,41.9486001885712
4.89647543650697,-92345,5,5,82.4672176491522,40,-6070.54219585952,-6153.00941350867,39.969,82.4670474949316,-6070.54212050316,-6153.00916799809,0.209078690525446,2.94395319097217e-05,-1.56505304489612,-10.4326047591349,8.86400678852206,42.1384324876293
1.00458533639807,-92345,1,1,22.2279195944657,50,-3085.34416233165,-3107.57208192611,50.0145,22.2279595799464,-3085.34409282276,-3107.57205240271,0.940255031926347,2.16863543593494e-21,-0.0615380720340201,-47.5834551945823,47.7996929622086,50.5268991723167
2.01685621793283,-92345,2,2,38.7426241320045,50,-4390.66397055802,-4429.40659469003,50.0245,38.7425584112843,-4390.66395025543,-4429.40650866671,0.488151956086257,7.36515662215899e-12,-0.717037524217995,-25.6362199865711,25.1177704215895,51.0025899901419
2.94147905139783,-92345,3,3,50.5783136780619,50,-5112.32566766943,-5162.90398134749,50.092,50.5811962650041,-5112.32557843515,-5162.90677470016,0.339641053935736,8.40244203075189e-09,-1.07864011240876,-18.6154475600325,17.6803903600841,51.4862891538762
4.0567848453643,-92345,4,4,67.6238817134108,50,-5737.57537264541,-5805.19925435883,49.9975,67.6239043690948,-5737.5752597846,-5805.1991641537,0.246549968296933,6.61032319468894e-07,-1.40022157657499,-14.2288018340322,12.9390052644478,51.8750801633641
4.97282337325819,-92345,5,5,83.7460235282124,50,-6133.50545731636,-6217.25148084457,50.075,83.7459407485676,-6133.50541259697,-6217.25135334554,0.199947245682879,5.44387297867792e-06,-1.60956696008947,-12.1219931690101,10.6288048950577,52.3318277795759
0.999503543916654,25434,1,1,136.023625279994,5,-2937.37853421115,-3073.40215949115,5.005,136.023654126458,-2937.3784220303,-3073.40207615675,0.940577614412652,0.00527755767889468,-0.0614077199442163,-5.24381240781529,5.27749920800958,5.42315811130221
1.94899198656826,25434,2,2,79.5902677112381,5,-4058.88111807662,-4138.47138578786,5.07536671724836,79.5903655977509,-4058.88109893464,-4138.47146453239,0.465003458914749,0.0316345591800643,-0.765943095499852,-3.45287833893889,2.92038730104146,5.68804277105487
3.03157979789803,25434,3,3,75.9236123964502,5,-4435.39880103617,-4511.32241343262,5.46510388918487,75.9238483580539,-4435.39854511121,-4511.32239346926,0.264769563747865,0.0578172301988323,-1.32907595604285,-2.85020990970795,2.16139424125926,6.17390244804715
4.02179023540178,25434,4,4,54.0674271056378,5,-4403.74915476175,-4457.81658186739,5.94117647058824,54.0675073420871,-4403.749029852,-4457.81653719408,0.190907676479759,0.0668673688004719,-1.65568321331427,-2.70524630267694,1.89069217517175,6.69980772990164
5.00922306665975,25434,5,5,39.9053569058406,5,-4449.54897423707,-4489.45433114291,6.57933130699088,39.9053525669879,-4449.54895956273,-4489.45431212972,0.136204039055088,0.0724221572518233,-1.99349866714298,-2.6251975496922,1.71099691495896,7.3798667490796
1.00121079590819,25434,1,1,72.8205317000525,10,-2963.53511882998,-3036.35565053003,9.969,72.8208237560762,-2963.53479595237,-3036.35561970845,0.991924503340969,3.022884049503e-05,-0.00805306776093488,-10.4070305048537,10.429278889181,10.4334595547505
1.96785020443807,25434,2,2,109.664973582114,10,-4229.38029171214,-4339.04526529425,9.9445,109.664911662068,-4229.38024300708,-4339.04515466915,0.509043906302449,0.00196608715194983,-0.674971295706354,-6.23293932929332,5.54966879425508,10.751883284783
2.97028228829538,25434,3,3,86.787931821289,10,-5010.2142567471,-5097.00218856839,9.94147073536768,86.7878898968202,-5010.21423562111,-5097.00212551793,0.327930917941736,0.00814874302852073,-1.11483530681709,-4.81006336426309,3.72638546886903,11.0069885099845
3.96166386608864,25434,4,4,74.4343280734192,10,-5462.5962769389,-5537.03060501232,10.1242424242424,74.4343218768563,-5462.59622940691,-5537.03055128377,0.228633006551922,0.0163878418888285,-1.47546346081459,-4.11146944738682,2.86810286838676,11.3503107831255
4.8914702216712,25434,5,5,71.6734280948767,10,-5697.45727297823,-5769.13070107311,10.2918807810894,71.6734584204678,-5697.45723804751,-5769.13069646797,0.166379125900188,0.0252978599620531,-1.79363885788086,-3.67684360020512,2.37336694505694,11.5941475514759
1.00095751766873,25434,1,1,57.7184099261463,15,-2991.60235302099,-3049.32076294714,14.995,57.7184741003439,-2991.60221461145,-3049.3206887118,0.978467384442241,2.51259312192958e-07,-0.0219471203887688,-15.1940451329802,15.3007818743198,15.4749316149216
2.00026441390836,25434,2,2,106.232459492503,15,-4304.72811596597,-4410.96057545848,15.052,106.232433587005,-4304.72806832952,-4410.96050191653,0.492297057628303,0.000181267644066662,-0.70872431077183,-8.61489370376313,7.99294205518119,15.9337585655993
3.01910962249453,25434,3,3,124.816419435545,15,-5086.48737160232,-5211.30379103786,14.9735,124.816418725201,-5086.48732353793,-5211.30374226313,0.326808418055275,0.00150476633451086,-1.11835261774816,-6.49903981355314,5.40919282673629,16.2092813941212
4.01439541146552,25434,4,4,108.41203556715,15,-5629.56768968093,-5737.97972524808,15.0355,108.411890941066,-5629.56763865529,-5737.97952959636,0.242361590135603,0.00403391689677743,-1.41731229844383,-5.51350399368188,4.14540929309769,16.5403018769412
4.98833410721176,25434,5,5,81.7769504780963,15,-6020.47678954588,-6102.25374002397,15.0305764411028,81.7769538871908,-6020.47675066354,-6102.25370455073,0.188971903106882,0.00745306114926044,-1.66628257751391,-4.89865063292185,3.35179055480706,16.7265497703217
0.993340402608415,25434,1,1,49.2349470079894,20,-3031.96537688528,-3081.20032389327,19.9685,49.235020847188,-3031.96521382766,-3081.20023467485,0.956986944156475,2.92434925725948e-09,-0.044111276115232,-19.6471942042673,19.8201245444388,20.461222587981
1.98057392115781,25434,2,2,89.9060812793668,20,-4308.91509117701,-4398.82117245638,20.0265,89.9061361733129,-4308.91501685783,-4398.82115303114,0.492926648431598,1.55566066831923e-05,-0.707346847887764,-11.0713343624811,10.5516557839496,20.9293229464888
2.94734833278154,25434,3,3,103.219388858016,20,-5054.65139236897,-5157.87078122699,20.0155,103.21943857925,-5054.65132105298,-5157.87075963223,0.340590285199803,0.000225763594305532,-1.07696685134327,-8.39674957323994,7.35421523329325,21.2899357972051
4.04224403538195,25434,4,4,118.288416921792,20,-5651.23583277085,-5769.52424969264,20.0505,118.288428930806,-5651.23577000266,-5769.52419893347,0.247651319459771,0.0010591433130002,-1.39559403573699,-6.85086014537623,5.47774845606823,21.690096211988
5.03169524557651,25434,5,5,116.719978049202,20,-6081.02831446148,-6197.74829251068,20.139,116.719998523162,-6081.02828237928,-6197.74828090245,0.194755215993378,0.00242711857646784,-1.63604889675321,-6.02100244387475,4.43530746217756,22.0714944340731
0.978571850415058,25434,1,1,30.2601502051734,35,-2995.64286075812,-3025.90301096329,34.9805,30.2601822822157,-2995.64280505372,-3025.90298733594,0.978550256677624,8.15176341619756e-16,-0.0215999265050124,-34.7458778580485,35.0296355526919,35.468237854117
2.00187070857244,25434,2,2,52.7556308890498,35,-4360.78436236571,-4413.53999325476,35.0635,52.7555686124369,-4360.78428553407,-4413.53985414651,0.492213795158573,9.56162020885550e-09,-0.70863060990972,-18.468937372694,17.9358122456518,36.0178151262018
2.9212946529128,25434,3,3,65.4800660274404,35,-5075.87459105002,-5141.35465707746,34.928,65.4810847171575,-5075.87356374669,-5141.35464846385,0.344997456437223,1.21501315661026e-06,-1.0642342887468,-13.6206533663086,12.6364564178833,36.2786083783765
3.96233303916603,25434,4,4,104.801680454944,35,-5683.5774719702,-5788.37915242514,35.163,104.801921756268,-5683.57720585131,-5788.37912760757,0.245032315653184,2.72552703025649e-05,-1.40631710851501,-10.510817110398,9.30669260789804,36.9391507010778
5.03135977703032,25434,5,5,121.480988872336,35,-6137.53988815999,-6259.02087703232,35.1425,121.480984632211,-6137.53983989758,-6259.0208245298,0.193320535936542,0.000133250816310839,-1.64356606212059,-8.92218138750222,7.44027778075012,37.3205281433641
0.976249169329716,25434,1,1,27.9163854468966,40,-3046.31882650339,-3074.23521195028,39.998,27.9163880882929,-3046.31870124038,-3074.23508932867,0.953834217914307,1.57675352017479e-17,-0.0470727821448659,-38.6957129744906,38.9358739825456,40.4982385367076
2.01926623434278,25434,2,2,50.5614066618873,40,-4401.86799062131,-4452.42939728319,39.993,50.5614155539324,-4401.86790071647,-4452.4293162704,0.480691015883019,1.31360511460538e-09,-0.732684233722113,-20.447717824354,19.9547591209752,40.9682987345273
2.99046078095362,25434,3,3,71.4010669866639,40,-5154.12312887882,-5225.52419586548,40.1145,71.4010936685027,-5154.12305733287,-5225.52415100137,0.326394269501918,4.10495862041066e-07,-1.11969129006515,-14.7051529544571,13.780301259749,41.5135743787078
4.09456926642713,25434,4,4,92.5487959092316,40,-5763.64071490715,-5856.18951081638,40.077,92.5488171977167,-5763.64067764997,-5856.18949484768,0.238421346181981,1.03008341799276e-05,-1.43369775328247,-11.4833561530228,10.1847730251392,41.9415400224935
5.07373309865455,25434,5,5,98.0024457077625,40,-6149.57823320649,-6247.58067891425,40.206,98.0024784742418,-6149.57815716887,-6247.58063564311,0.197091233941074,4.32704652871096e-05,-1.62412890279201,-10.0479198461095,8.50596518959095,42.4412735494978
1.00735220903974,25434,1,1,23.6533946574591,50,-3145.31621326209,-3168.96960791955,50.0075,23.6535824924122,-3145.31597617981,-3168.96955867222,0.909504050380242,9.85306112429964e-21,-0.094914026857487,-46.064066431886,46.243225022135,50.533915409394
2.01795930004782,25434,2,2,38.1934599074857,50,-4383.52388659031,-4421.7173464978,49.9995,38.1934680874292,-4383.52382873236,-4421.71729681979,0.490581200586196,6.62829560532259e-12,-0.712305032385816,-25.7363248170422,25.2430554255938,50.9758151278339
3.00726200507613,25434,3,3,55.4141236611385,50,-5155.87362640079,-5211.28775006193,50.0415,55.4141312492093,-5155.87359123793,-5211.28772248714,0.330176616001068,1.33977774673386e-08,-1.10814671137581,-18.1280245110284,17.2067149059596,51.4598842288074
3.90884590963438,25434,4,4,67.1340581386103,50,-5669.2175226465,-5736.35158078511,49.975,67.1343860998695,-5669.21716297598,-5736.35154907585,0.254918742149313,4.52841011569352e-07,-1.36683052416485,-14.6073105990155,13.3484241782476,51.7907718975494
4.94037679753221,25434,5,5,82.6102558547573,50,-6113.23846197195,-6195.8487178267,50.0665,82.610254780735,-6113.238410751,-6195.84866553173,0.202037171424624,4.96424501346163e-06,-1.59942678219591,-12.2120220982773,10.7455339776302,52.3026663717185
